{
  "combo": {
    "chart_stop_buffer": 1.0,
    "tp1_r": 2.5,
    "runner_r": 3.0,
    "strike_offset": 0,
    "vix_min": 18.0
  },
  "is": {
    "pnl": 30702.44,
    "n": 43,
    "wr": 0.442,
    "sharpe": 2.06,
    "quarter_pnl": {
      "2025-Q1": 9595.94,
      "2025-Q2": 12767.079999999996,
      "2025-Q3": 0.0,
      "2025-Q4": 8339.419999999998
    }
  },
  "oos": {
    "pnl": 2563.19,
    "n": 52,
    "wr": 0.25,
    "sharpe": 0.356,
    "quarter_pnl": {
      "2025-Q4": -1150.7100000000003,
      "2026-Q1": 3409.3700000000003,
      "2026-Q2": 304.53
    }
  },
  "wf_ratio": 0.173,
  "pass": false
}