episode_id,entry_ts_et,exit_ts_et,underlying,strike,right,expiry,dte,is_0dte,is_family,bias,qty,n_adds,scaled_in,n_buy_fills,n_sell_fills,entry_px,exit_px,premium_at_risk,pnl,ret_pct,hold_min,closed,size_band,tod_bucket,dow,ctx_ok,spy_px,vwap,vwap_side,vwap_dist_pct,ribbon_state,ribbon_dist_pct,sess_range_pos,prior_30m_pct,mins_since_open,open_gap_pct,nearest_level,nearest_level_dist_pct,moneyness_pct,otm_pct
0,2021-02-12 12:10:12,2021-02-16 12:38:22,SBE,40.0,C,2021-03-19,35,False,False,bull,1,0,False,1,1,4.65,4.0,465.00000000000006,-65.00000000000003,-13.978494623655923,5788.166666666667,True,1-2,12:00,Friday,False,,,,,,,,,,,,,,
1,2021-02-25 09:47:13,,ITP,1.0,C,2021-04-16,50,False,False,bull,2,0,False,1,0,0.27,0.0,54.0,,-100.0,,False,1-2,09:30,Thursday,False,,,,,,,,,,,,,,
2,2021-02-25 10:19:58,2021-02-25 10:44:09,SBUX,106.0,C,2021-03-05,8,False,False,bull,1,0,False,1,1,1.25,1.3,125.0,5.000000000000004,4.0000000000000036,24.183333333333334,True,1-2,10:00,Thursday,False,,,,,,,,,,,,,,
3,2021-02-25 10:24:47,2021-02-25 11:51:52,SBE,40.0,C,2021-02-26,1,False,False,bull,1,0,False,1,1,0.9,0.15,90.0,-75.0,-83.33333333333334,87.08333333333333,True,1-2,10:00,Thursday,False,,,,,,,,,,,,,,
4,2021-02-25 11:21:09,2021-02-25 11:51:59,DIS,200.0,C,2021-02-26,1,False,False,bull,1,0,False,1,1,0.81,0.31,81.0,-50.0,-61.728395061728406,30.833333333333332,True,1-2,11:00,Thursday,False,,,,,,,,,,,,,,
5,2021-03-03 09:49:52,2021-03-03 10:00:20,AAL,23.0,C,2021-03-12,9,False,False,bull,1,0,False,1,1,0.56,0.64,56.00000000000001,7.9999999999999964,14.28571428571428,10.466666666666667,True,1-2,09:30,Wednesday,False,,,,,,,,,,,,,,
6,2021-03-15 11:36:18,2021-07-21 09:34:44,SOS,15.0,C,2021-08-20,158,False,False,bull,3,1,True,2,1,2.05,0.01,615.0,-611.9999999999999,-99.51219512195122,184198.43333333332,True,3-5,11:30,Monday,False,,,,,,,,,,,,,,
7,2021-06-03 11:00:33,2021-06-18 10:26:10,RCL,105.0,C,2021-06-18,15,False,False,bull,4,0,False,1,1,0.72,0.01,288.0,-284.0,-98.61111111111111,21565.616666666665,True,3-5,11:00,Thursday,False,,,,,,,,,,,,,,
8,2021-06-03 11:01:40,2021-06-03 11:19:06,NIO,42.5,C,2021-06-04,1,False,False,bull,1,0,False,1,1,0.54,0.35,54.0,-19.000000000000007,-35.1851851851852,17.433333333333334,True,1-2,11:00,Thursday,False,,,,,,,,,,,,,,
9,2021-06-08 10:53:29,2021-06-09 12:53:08,SNAP,63.0,C,2021-06-18,10,False,False,bull,3,2,True,3,1,0.8799999999999999,1.92,263.99999999999994,312.0,118.18181818181822,1559.65,True,3-5,10:30,Tuesday,False,,,,,,,,,,,,,,
10,2021-06-08 11:10:19,2021-06-10 10:46:49,FCX,43.0,C,2021-06-18,10,False,False,bull,3,0,False,1,1,0.6,0.29,179.99999999999997,-93.0,-51.66666666666666,2856.5,True,3-5,11:00,Tuesday,False,,,,,,,,,,,,,,
11,2021-06-09 10:01:16,2021-06-09 10:08:52,CAN,10.0,C,2021-06-18,9,False,False,bull,1,0,False,1,1,0.96,1.4,96.0,43.99999999999999,45.83333333333333,7.6,True,1-2,10:00,Wednesday,False,,,,,,,,,,,,,,
12,2021-06-09 10:17:13,,CLOV,12.0,P,2021-07-16,37,False,False,bear,3,1,True,2,1,1.4333333333333333,1.67,430.0,,16.511627906976734,,False,3-5,10:00,Wednesday,False,,,,,,,,,,,,,,
13,2021-06-09 10:52:05,2021-06-09 13:02:15,SPY,422.0,P,2021-06-09,0,True,True,bear,4,1,True,2,1,0.2475,0.14,99.0,-42.99999999999999,-43.434343434343425,130.16666666666666,True,3-5,10:30,Wednesday,True,422.87,422.7753,above,0.022,bull,0.019,0.584,0.052,82.1,0.218,PDH,-0.076,-0.206,0.206
14,2021-06-09 11:47:49,2021-06-09 11:58:16,CLSK,20.0,C,2021-06-18,9,False,False,bull,3,0,False,1,1,1.5,1.26,450.0,-71.99999999999997,-16.000000000000004,10.45,True,3-5,11:30,Wednesday,False,,,,,,,,,,,,,,
15,2021-06-09 12:02:03,2021-06-10 10:22:21,CLF,24.0,C,2021-06-11,2,False,False,bull,5,0,False,1,2,0.38,0.8720000000000001,190.0,246.00000000000003,129.47368421052636,1340.3,True,3-5,12:00,Wednesday,False,,,,,,,,,,,,,,
16,2021-06-09 12:58:42,,HEPA,2.5,C,2021-06-18,9,False,False,bull,5,0,False,1,0,0.1,0.0,50.0,,-100.0,,False,3-5,12:30,Wednesday,False,,,,,,,,,,,,,,
17,2021-06-09 14:51:53,,TLRY,30.0,C,2021-06-18,9,False,False,bull,1,0,False,1,0,1.26,0.0,126.0,,-100.0,,False,1-2,14:30,Wednesday,False,,,,,,,,,,,,,,
18,2021-06-09 15:09:37,,BARK,10.0,P,2021-06-18,9,False,False,bear,1,0,False,1,0,0.35,0.0,35.0,,-100.0,,False,1-2,15:00,Wednesday,False,,,,,,,,,,,,,,
19,2021-06-10 09:34:49,2021-06-10 09:49:13,NET,91.0,C,2021-06-11,1,False,False,bull,2,0,False,1,1,0.97,1.5,194.0,106.0,54.639175257731964,14.4,True,1-2,09:30,Thursday,False,,,,,,,,,,,,,,
20,2021-06-10 09:35:36,2021-06-10 10:48:50,TSLA,620.0,C,2021-06-11,1,False,False,bull,1,0,False,1,1,4.5,2.5,450.0,-200.0,-44.44444444444444,73.23333333333333,True,1-2,09:30,Thursday,False,,,,,,,,,,,,,,
21,2021-06-10 09:41:05,,UWMC,12.0,C,2021-06-18,8,False,False,bull,2,0,False,1,0,0.65,0.0,130.0,,-100.0,,False,1-2,09:30,Thursday,False,,,,,,,,,,,,,,
22,2021-06-10 10:11:07,,CVX,115.0,C,2021-07-16,36,False,False,bull,7,2,True,3,0,1.1614285714285715,0.0,813.0000000000001,,-100.0,,False,6-10,10:00,Thursday,False,,,,,,,,,,,,,,
23,2021-06-10 10:32:56,2021-06-10 10:43:37,FCX,41.0,C,2021-06-11,1,False,False,bull,1,0,False,1,1,0.44,0.24,44.0,-20.0,-45.45454545454546,10.683333333333334,True,1-2,10:30,Thursday,False,,,,,,,,,,,,,,
24,2021-06-10 11:23:18,2021-06-10 11:32:46,UPS,205.0,C,2021-06-11,1,False,False,bull,1,0,False,1,1,0.46,0.41,46.0,-5.000000000000004,-10.869565217391308,9.466666666666667,True,1-2,11:00,Thursday,False,,,,,,,,,,,,,,
25,2021-06-10 12:27:17,2021-06-10 14:33:23,PINS,68.0,C,2021-06-18,8,False,False,bull,2,0,False,1,1,1.38,1.52,276.0,28.000000000000025,10.144927536231885,126.1,True,1-2,12:00,Thursday,False,,,,,,,,,,,,,,
26,2021-06-10 15:14:20,2021-06-11 09:34:56,SPY,422.5,P,2021-06-11,1,False,True,bear,1,0,False,1,1,0.53,0.2,53.0,-33.0,-62.264150943396224,1100.6,True,1-2,15:00,Thursday,True,423.65,423.6456,above,0.001,bear,-0.01,0.674,0.0,344.3,0.332,PDH,0.097,-0.271,0.271
27,2021-06-11 09:45:52,2021-06-11 16:00:00,SQ,217.5,P,2021-06-11,0,True,False,bear,1,0,False,1,0,0.65,0.0,65.0,-65.0,-100.0,374.1333333333333,True,1-2,09:30,Friday,False,,,,,,,,,,,,,,
28,2021-06-11 09:58:18,2021-06-11 13:09:40,AMC,50.0,C,2021-06-11,0,True,False,bull,1,0,False,1,1,0.38,0.58,38.0,19.999999999999996,52.63157894736841,191.36666666666667,True,1-2,09:30,Friday,False,,,,,,,,,,,,,,
29,2021-06-11 09:59:58,2021-06-14 09:39:03,NIO,41.0,P,2021-06-18,7,False,False,bear,2,0,False,1,1,0.33,0.1,66.0,-46.0,-69.6969696969697,4299.083333333333,True,1-2,09:30,Friday,False,,,,,,,,,,,,,,
30,2021-06-11 12:43:39,2021-06-11 12:55:45,AMC,45.0,C,2021-06-11,0,True,False,bull,1,0,False,1,1,1.06,1.33,106.0,27.0,25.47169811320755,12.1,True,1-2,12:30,Friday,False,,,,,,,,,,,,,,
31,2021-06-16 12:27:19,2021-06-16 16:00:00,SPY,424.0,C,2021-06-16,0,True,True,bull,1,0,False,1,0,0.83,0.0,83.0,-83.0,-100.0,212.68333333333334,True,1-2,12:00,Wednesday,True,423.48,424.2165,below,-0.174,bear,-0.05,0.0,-0.193,177.3,0.045,PDL,-0.019,0.123,0.123
32,2021-06-18 09:54:40,2021-06-18 11:14:13,AMC,82.0,C,2021-06-18,0,True,False,bull,2,0,False,1,1,0.35,0.12,70.0,-46.0,-65.71428571428571,79.55,True,1-2,09:30,Friday,False,,,,,,,,,,,,,,
33,2021-06-18 09:58:47,2021-06-18 11:14:05,NVDA,795.0,C,2021-06-18,0,True,False,bull,2,1,True,2,1,0.865,0.22,173.0,-129.0,-74.56647398843931,75.3,True,1-2,09:30,Friday,False,,,,,,,,,,,,,,
34,2021-06-18 10:40:27,2021-06-18 11:14:35,SPY,418.0,C,2021-06-18,0,True,True,bull,1,0,False,1,1,0.65,0.33,65.0,-32.0,-49.23076923076923,34.13333333333333,True,1-2,10:30,Friday,True,417.17,416.9391,above,0.055,bear,-0.312,0.668,0.0,70.5,-1.173,PDL,-0.52,0.199,0.199
35,2021-06-29 09:53:57,2021-07-01 10:28:04,SRNE,11.0,C,2021-07-16,17,False,False,bull,5,0,False,1,1,0.53,0.65,265.00000000000006,59.999999999999964,22.64150943396226,2914.116666666667,True,3-5,09:30,Tuesday,False,,,,,,,,,,,,,,
36,2021-06-29 09:59:29,,FCEL,10.0,C,2021-07-16,17,False,False,bull,8,1,True,2,0,0.6425000000000001,0.0,514.0,,-100.0,,False,6-10,09:30,Tuesday,False,,,,,,,,,,,,,,
37,2021-06-29 10:10:17,2021-06-29 11:48:05,MARA,32.0,P,2021-07-02,3,False,False,bear,1,0,False,1,1,0.93,1.33,93.0,40.0,43.01075268817205,97.8,True,1-2,10:00,Tuesday,False,,,,,,,,,,,,,,
38,2021-07-01 12:44:56,2021-07-21 09:34:21,CCIV,60.0,C,2021-08-20,50,False,False,bull,5,0,False,1,1,0.8100000000000002,0.26,405.00000000000006,-275.0000000000001,-67.90123456790124,28609.416666666668,True,3-5,12:30,Thursday,False,,,,,,,,,,,,,,
39,2021-07-07 10:18:23,2021-07-07 10:25:19,AAPL,145.0,C,2021-07-16,9,False,False,bull,1,0,False,1,1,1.85,1.64,185.0,-21.000000000000018,-11.351351351351358,6.933333333333334,True,1-2,10:00,Wednesday,False,,,,,,,,,,,,,,
40,2021-07-07 10:22:19,2021-07-07 10:28:21,SPY,432.0,P,2021-07-07,0,True,True,bear,2,0,False,1,1,0.21,0.31,42.0,20.0,47.61904761904763,6.033333333333333,True,1-2,10:00,Wednesday,True,433.645,433.8161,below,-0.039,bull,0.08,0.486,-0.101,52.3,0.188,PDH,-0.084,-0.379,0.379
41,2021-07-12 11:02:33,2021-07-12 11:40:42,NIO,46.0,C,2021-07-16,4,False,False,bull,4,1,True,2,1,1.06,1.19,424.0,51.99999999999996,12.264150943396213,38.15,True,3-5,11:00,Monday,False,,,,,,,,,,,,,,
42,2021-07-12 11:28:35,2021-07-12 11:33:32,SPY,436.0,P,2021-07-12,0,True,True,bear,10,0,False,1,1,0.33,0.392,330.0,61.999999999999964,18.787878787878796,4.95,True,6-10,11:00,Monday,True,436.45,436.0292,above,0.097,bull,0.048,0.836,-0.018,118.6,-0.039,PDH,0.151,-0.103,0.103
43,2021-07-20 10:23:10,2021-07-20 10:31:26,SPY,431.0,C,2021-07-21,1,False,True,bull,1,0,False,1,1,1.01,0.87,101.0,-14.000000000000002,-13.861386138613863,8.266666666666667,True,1-2,10:00,Tuesday,True,429.12,427.2132,above,0.446,bull,0.423,1.0,0.4,53.2,0.276,PDH,0.574,0.438,0.438
44,2021-07-20 12:57:39,2021-07-21 09:34:26,SQ,280.0,C,2021-08-20,31,False,False,bull,1,0,False,1,1,2.65,3.45,265.0,80.00000000000003,30.188679245283033,1236.7833333333333,True,1-2,12:30,Tuesday,False,,,,,,,,,,,,,,
45,2021-07-21 09:37:52,2021-07-21 09:44:02,DKNG,47.5,C,2021-07-23,2,False,False,bull,1,0,False,1,1,0.84,0.8,84.0,-3.9999999999999925,-4.761904761904756,6.166666666666667,True,1-2,09:30,Wednesday,False,,,,,,,,,,,,,,
46,2021-07-21 09:47:33,2021-07-21 10:04:24,DKNG,46.0,P,2021-07-23,2,False,False,bear,1,0,False,1,1,0.46,0.29,46.0,-17.000000000000004,-36.956521739130444,16.85,True,1-2,09:30,Wednesday,False,,,,,,,,,,,,,,
47,2021-07-21 09:51:33,2021-07-21 09:56:04,SPY,434.0,C,2021-07-21,0,True,True,bull,2,0,False,1,1,0.56,0.7,112.00000000000001,27.99999999999998,24.99999999999998,4.516666666666667,True,1-2,09:30,Wednesday,True,433.195,432.8286,above,0.085,bull,0.097,0.923,,21.6,0.299,PDH,0.182,0.186,0.186
48,2021-07-21 10:17:46,2021-07-21 12:56:26,SPY,434.0,C,2021-07-21,0,True,True,bull,4,2,True,3,1,0.5075000000000001,0.29,203.00000000000003,-87.00000000000003,-42.85714285714287,158.66666666666666,True,3-5,10:00,Wednesday,True,433.53,433.1316,above,0.092,bull,0.136,0.904,0.106,47.8,0.299,PDH,0.259,0.108,0.108
49,2021-07-21 10:27:41,2021-07-23 09:51:56,DKNG,49.0,C,2021-07-30,9,False,False,bull,1,0,False,1,1,1.28,1.52,128.0,24.0,18.75,2844.25,True,1-2,10:00,Wednesday,False,,,,,,,,,,,,,,
50,2021-07-21 13:41:35,2021-07-27 09:32:36,GE,14.0,C,2021-09-17,58,False,False,bull,10,1,True,2,1,0.32999999999999996,0.43,330.0,100.0,30.30303030303032,8391.016666666666,True,6-10,13:30,Wednesday,False,,,,,,,,,,,,,,
51,2021-07-21 13:53:17,2021-07-23 10:17:58,QS,25.0,C,2021-07-23,2,False,False,bull,1,0,False,1,1,0.26,0.01,26.0,-25.0,-96.15384615384616,2664.6833333333334,True,1-2,13:30,Wednesday,False,,,,,,,,,,,,,,
52,2021-07-23 09:34:06,2021-07-23 09:57:23,SPY,436.0,P,2021-07-23,0,True,True,bear,10,0,False,1,1,0.32,0.41,320.0,89.99999999999994,28.125,23.283333333333335,True,6-10,09:30,Friday,False,,,,,,,,,,,,,,
53,2021-07-23 09:56:27,2021-07-23 10:17:29,QQQ,365.0,C,2021-07-23,0,True,False,bull,1,0,False,1,1,0.77,1.05,77.0,28.000000000000004,36.363636363636374,21.033333333333335,True,1-2,09:30,Friday,False,,,,,,,,,,,,,,
54,2021-07-23 10:04:36,2021-07-27 14:29:04,PFE,41.0,C,2021-08-20,28,False,False,bull,2,0,False,1,1,1.27,1.37,254.0,20.000000000000018,7.874015748031504,6024.466666666666,True,1-2,10:00,Friday,False,,,,,,,,,,,,,,
55,2021-07-23 10:16:59,2021-08-09 10:10:56,CVS,84.0,C,2021-08-20,28,False,False,bull,1,0,False,1,1,1.91,0.31,191.0,-160.0,-83.7696335078534,24473.95,True,1-2,10:00,Friday,False,,,,,,,,,,,,,,
56,2021-07-27 09:40:00,2021-07-27 09:45:49,TAL,5.0,C,2021-08-20,24,False,False,bull,2,0,False,1,1,1.3,1.15,260.0,-30.00000000000003,-11.538461538461553,5.816666666666666,True,1-2,09:30,Tuesday,False,,,,,,,,,,,,,,
57,2021-07-27 09:47:09,2021-07-28 13:59:04,AAPL,155.0,C,2021-07-30,3,False,False,bull,6,2,True,3,1,0.7416666666666667,0.02,445.0,-433.0,-97.30337078651685,1691.9166666666667,True,6-10,09:30,Tuesday,False,,,,,,,,,,,,,,
58,2021-07-27 11:12:54,2021-07-29 10:48:06,WKHS,13.5,C,2021-08-06,10,False,False,bull,5,0,False,1,1,0.27,0.34,135.0,35.00000000000001,25.92592592592593,2855.2,True,3-5,11:00,Tuesday,False,,,,,,,,,,,,,,
59,2021-07-27 15:18:20,2021-07-27 15:40:53,QQQ,364.0,C,2021-07-28,1,False,False,bull,1,0,False,1,1,1.67,1.49,167.0,-17.999999999999993,-10.77844311377245,22.55,True,1-2,15:00,Tuesday,False,,,,,,,,,,,,,,
60,2021-07-29 09:35:23,,FB,400.0,C,2021-08-20,22,False,False,bull,1,0,False,1,0,1.15,0.0,114.99999999999999,,-100.0,,False,1-2,09:30,Thursday,False,,,,,,,,,,,,,,
61,2021-07-29 09:41:20,2021-07-29 15:31:24,QQQ,370.0,C,2021-07-30,1,False,False,bull,1,0,False,1,1,0.54,0.2,54.0,-34.0,-62.96296296296296,350.06666666666666,True,1-2,09:30,Thursday,False,,,,,,,,,,,,,,
62,2021-07-29 09:44:00,2021-07-29 10:18:29,NIO,44.0,C,2021-07-30,1,False,False,bull,5,0,False,1,1,0.36,0.25,179.99999999999997,-54.999999999999986,-30.555555555555557,34.483333333333334,True,3-5,09:30,Thursday,False,,,,,,,,,,,,,,
63,2021-07-29 09:45:24,2021-07-29 10:13:29,PYPL,295.0,C,2021-07-30,1,False,False,bull,1,0,False,1,1,0.88,0.56,88.0,-31.999999999999996,-36.36363636363635,28.083333333333332,True,1-2,09:30,Thursday,False,,,,,,,,,,,,,,
64,2021-07-29 10:14:30,2021-07-29 10:53:39,UBER,44.5,C,2021-07-30,1,False,False,bull,1,0,False,1,1,0.56,0.66,56.00000000000001,9.999999999999998,17.85714285714286,39.15,True,1-2,10:00,Thursday,False,,,,,,,,,,,,,,
65,2021-08-04 09:48:29,,NIO,47.0,C,2021-08-06,2,False,False,bull,2,0,False,1,1,0.4,0.44,80.0,,9.999999999999986,,False,1-2,09:30,Wednesday,False,,,,,,,,,,,,,,
66,2021-08-04 09:52:12,2021-08-04 16:00:00,SPY,441.0,C,2021-08-04,0,True,True,bull,3,1,True,2,1,0.29,0.32,87.0,-55.00000000000001,10.344827586206918,367.8,True,3-5,09:30,Wednesday,True,439.94,439.7694,above,0.039,bear,-0.04,0.887,,22.2,-0.335,PDH,-0.295,0.241,0.241
67,2021-08-04 13:50:51,2021-10-12 09:30:13,SOFI,20.0,C,2021-10-15,72,False,False,bull,1,0,False,1,1,1.23,0.11,123.0,-111.99999999999999,-91.05691056910568,99099.36666666667,True,1-2,13:30,Wednesday,False,,,,,,,,,,,,,,
68,2021-08-09 09:38:45,2021-08-09 10:08:14,GLD,165.5,C,2021-08-13,4,False,False,bull,2,0,False,1,1,0.48,0.36,96.0,-24.0,-25.0,29.483333333333334,True,1-2,09:30,Monday,False,,,,,,,,,,,,,,
69,2021-08-09 09:47:43,2021-08-09 10:04:48,MSFT,297.5,C,2021-08-13,4,False,False,bull,1,0,False,1,1,0.25,0.23,25.0,-1.9999999999999991,-7.9999999999999964,17.083333333333332,True,1-2,09:30,Monday,False,,,,,,,,,,,,,,
70,2021-08-09 09:57:52,,MVIS,18.0,C,2021-08-20,11,False,False,bull,3,0,False,1,0,0.68,0.0,204.0,,-100.0,,False,3-5,09:30,Monday,False,,,,,,,,,,,,,,
71,2021-11-08 10:31:04,2021-11-08 10:38:59,LCID,45.0,C,2021-11-12,4,False,False,bull,1,0,False,1,1,3.3,2.75,330.0,-54.999999999999986,-16.666666666666664,7.916666666666667,True,1-2,10:30,Monday,False,,,,,,,,,,,,,,
72,2021-11-08 10:41:58,2021-11-08 10:47:03,LCID,42.0,P,2021-11-12,4,False,False,bear,1,0,False,1,1,2.25,2.1,225.0,-14.999999999999991,-6.666666666666665,5.083333333333333,True,1-2,10:30,Monday,False,,,,,,,,,,,,,,
73,2021-11-08 11:22:26,,AMD,165.0,C,2021-11-12,4,False,False,bull,5,0,False,1,1,1.12,1.85,560.0,,65.17857142857142,,False,3-5,11:00,Monday,False,,,,,,,,,,,,,,
74,2021-11-09 09:31:36,2021-11-11 11:39:29,AMC,48.0,C,2021-11-12,3,False,False,bull,2,0,False,1,1,0.83,0.06,166.0,-154.0,-92.7710843373494,3007.883333333333,True,1-2,09:30,Tuesday,False,,,,,,,,,,,,,,
75,2021-11-11 10:42:37,2021-11-11 11:10:36,RBLX,105.0,C,2021-11-12,1,False,False,bull,1,0,False,1,1,1.05,1.25,105.0,19.999999999999996,19.047619047619047,27.983333333333334,True,1-2,10:30,Thursday,False,,,,,,,,,,,,,,
76,2021-11-11 10:45:17,2021-11-17 09:49:09,PLUG,44.0,C,2021-11-19,8,False,False,bull,4,1,True,2,1,1.605,1.9,642.0,117.99999999999997,18.38006230529594,8583.866666666667,True,3-5,10:30,Thursday,False,,,,,,,,,,,,,,
77,2021-11-11 11:33:26,2021-12-15 14:31:29,SU,30.0,C,2022-03-18,127,False,False,bull,3,1,True,2,1,0.9333333333333332,0.25,280.0,-204.99999999999997,-73.21428571428571,49138.05,True,3-5,11:30,Thursday,False,,,,,,,,,,,,,,
78,2021-11-11 11:42:38,2021-11-15 09:34:10,QCOM,170.0,C,2021-11-19,8,False,False,bull,1,0,False,1,1,1.77,2.94,177.0,117.0,66.10169491525424,5631.533333333334,True,1-2,11:30,Thursday,False,,,,,,,,,,,,,,
79,2021-11-11 14:01:54,2021-11-12 13:56:24,AMD,150.0,C,2021-11-12,1,False,False,bull,1,0,False,1,1,0.56,0.07,56.00000000000001,-49.00000000000001,-87.5,1434.5,True,1-2,14:00,Thursday,False,,,,,,,,,,,,,,
80,2021-11-12 15:28:09,2021-11-17 09:32:57,NFLX,710.0,C,2021-11-19,7,False,False,bull,1,0,False,1,1,2.6,3.8,260.0,119.99999999999997,46.153846153846146,6844.8,True,1-2,15:00,Friday,False,,,,,,,,,,,,,,
81,2021-11-15 09:30:03,2021-11-15 11:36:13,TTD,110.0,C,2021-11-19,4,False,False,bull,2,0,False,1,2,0.75,2.24,150.0,298.00000000000006,198.66666666666669,126.16666666666667,True,1-2,09:30,Monday,False,,,,,,,,,,,,,,
82,2021-11-15 09:30:05,2021-12-06 10:29:02,SNDL,1.5,C,2022-01-21,67,False,False,bull,10,0,False,1,1,0.13,0.02,130.0,-110.00000000000001,-84.61538461538461,30298.95,True,6-10,09:30,Monday,False,,,,,,,,,,,,,,
83,2021-11-15 09:30:08,2021-12-06 13:41:15,SNDL,1.5,C,2021-12-31,46,False,False,bull,5,0,False,1,1,0.11000000000000001,0.01,55.00000000000001,-50.0,-90.9090909090909,30491.116666666665,True,3-5,09:30,Monday,False,,,,,,,,,,,,,,
84,2021-11-15 09:48:30,2021-11-15 13:24:28,SOFI,25.0,C,2021-11-19,4,False,False,bull,3,0,False,1,1,0.36000000000000004,0.17,108.0,-57.00000000000001,-52.77777777777778,215.96666666666667,True,3-5,09:30,Monday,False,,,,,,,,,,,,,,
85,2021-11-15 09:53:34,2021-11-23 10:15:36,SNAP,60.0,C,2021-11-26,11,False,False,bull,2,0,False,1,1,0.79,0.01,158.0,-156.0,-98.73417721518987,11542.033333333333,True,1-2,09:30,Monday,False,,,,,,,,,,,,,,
86,2021-11-15 10:23:45,2021-11-15 12:28:41,RIOT,46.0,C,2021-11-19,4,False,False,bull,1,0,False,1,1,2.8,1.63,280.0,-117.0,-41.785714285714285,124.93333333333334,True,1-2,10:00,Monday,False,,,,,,,,,,,,,,
87,2021-11-15 10:37:42,2021-11-16 11:43:51,RBLX,115.0,C,2021-12-17,32,False,False,bull,1,0,False,1,1,6.25,11.8,625.0,555.0000000000001,88.80000000000001,1506.15,True,1-2,10:30,Monday,False,,,,,,,,,,,,,,
88,2021-11-15 12:11:34,2021-11-16 10:07:11,BA,240.0,C,2021-11-19,4,False,False,bull,1,0,False,1,1,1.7,0.41,170.0,-129.0,-75.88235294117646,1315.6166666666666,True,1-2,12:00,Monday,False,,,,,,,,,,,,,,
89,2021-11-15 13:09:03,2021-11-16 09:33:11,BABA,185.0,C,2021-11-26,11,False,False,bull,1,0,False,1,1,1.19,1.6,119.0,41.000000000000014,34.453781512605055,1224.1333333333334,True,1-2,13:00,Monday,False,,,,,,,,,,,,,,
90,2021-11-15 13:12:09,2021-12-08 13:57:30,XEL,70.0,C,2021-12-17,32,False,False,bull,5,0,False,1,1,0.15,0.05,75.0,-50.0,-66.66666666666666,33165.35,True,3-5,13:00,Monday,False,,,,,,,,,,,,,,
91,2021-11-15 13:36:48,2021-11-16 11:47:24,LCID,40.0,P,2021-11-19,4,False,False,bear,1,0,False,1,1,1.23,0.11,123.0,-111.99999999999999,-91.05691056910568,1330.6,True,1-2,13:30,Monday,False,,,,,,,,,,,,,,
92,2021-11-15 14:27:31,2021-11-16 13:09:05,AMC,45.0,C,2021-11-19,4,False,False,bull,1,0,False,1,1,1.15,1.19,114.99999999999999,4.0000000000000036,3.4782608695652195,1361.5666666666666,True,1-2,14:00,Monday,False,,,,,,,,,,,,,,
93,2021-11-15 15:32:37,2021-11-16 12:56:47,AAPL,152.5,C,2021-11-19,4,False,False,bull,1,0,False,1,1,0.52,0.59,52.0,6.999999999999995,13.461538461538458,1284.1666666666667,True,1-2,15:30,Monday,False,,,,,,,,,,,,,,
94,2021-11-15 15:41:19,2021-12-10 10:28:34,MARA,100.0,C,2021-12-17,32,False,False,bull,1,0,False,1,1,2.57,0.01,257.0,-256.0,-99.61089494163424,35687.25,True,1-2,15:30,Monday,False,,,,,,,,,,,,,,
95,2021-11-15 15:43:35,2021-11-16 09:46:34,PINS,50.0,C,2021-11-19,4,False,False,bull,2,0,False,1,1,0.62,0.71,124.0,17.999999999999993,14.516129032258052,1082.9833333333333,True,1-2,15:30,Monday,False,,,,,,,,,,,,,,
96,2021-11-15 15:58:17,2021-11-16 13:03:34,LCID,55.0,C,2021-11-19,4,False,False,bull,1,0,False,1,1,0.97,2.98,97.0,200.99999999999997,207.21649484536084,1265.2833333333333,True,1-2,15:30,Monday,False,,,,,,,,,,,,,,
97,2021-11-16 09:36:09,2021-11-16 09:44:16,PROG,4.0,C,2021-11-19,3,False,False,bull,1,0,False,1,1,0.55,0.55,55.00000000000001,0.0,0.0,8.116666666666667,True,1-2,09:30,Tuesday,False,,,,,,,,,,,,,,
98,2021-11-16 09:40:41,2021-11-16 09:43:35,PROG,4.5,C,2021-11-19,3,False,False,bull,2,0,False,1,1,0.52,0.47,104.0,-10.000000000000009,-9.615384615384626,2.9,True,1-2,09:30,Tuesday,False,,,,,,,,,,,,,,
99,2021-11-16 09:45:26,2021-11-16 09:50:25,HD,385.0,C,2021-11-19,3,False,False,bull,1,0,False,1,1,4.35,5.7,434.99999999999994,135.00000000000006,31.034482758620708,4.983333333333333,True,1-2,09:30,Tuesday,False,,,,,,,,,,,,,,
100,2021-11-16 09:53:28,2021-11-16 10:12:22,PTON,52.0,C,2021-11-26,10,False,False,bull,1,0,False,1,1,1.57,1.17,157.0,-40.000000000000014,-25.47770700636943,18.9,True,1-2,09:30,Tuesday,False,,,,,,,,,,,,,,
101,2021-11-16 11:11:38,2021-11-16 11:12:41,ATVI,66.0,P,2021-11-19,3,False,False,bear,2,0,False,1,1,0.71,0.53,142.0,-35.999999999999986,-25.352112676056326,1.05,True,1-2,11:00,Tuesday,False,,,,,,,,,,,,,,
102,2021-11-16 14:37:26,2021-11-19 09:56:42,AMD,155.0,C,2021-11-19,3,False,False,bull,1,0,False,1,1,1.76,1.9,176.0,13.99999999999999,7.954545454545459,4039.266666666667,True,1-2,14:30,Tuesday,False,,,,,,,,,,,,,,
103,2021-11-17 09:42:26,2021-11-17 10:19:13,LCID,60.0,C,2021-11-19,2,False,False,bull,1,0,False,1,1,1.46,1.84,146.0,38.000000000000014,26.027397260273986,36.78333333333333,True,1-2,09:30,Wednesday,False,,,,,,,,,,,,,,
104,2021-11-17 09:43:01,2021-11-17 12:54:51,AFRM,170.0,C,2021-11-19,2,False,False,bull,1,0,False,1,1,1.15,0.2,114.99999999999999,-95.0,-82.6086956521739,191.83333333333334,True,1-2,09:30,Wednesday,False,,,,,,,,,,,,,,
105,2021-11-17 10:59:12,2021-11-17 11:09:39,AAPL,155.0,C,2021-11-19,2,False,False,bull,4,0,False,1,1,0.25,0.52,100.0,108.0,108.0,10.45,True,3-5,10:30,Wednesday,False,,,,,,,,,,,,,,
106,2021-11-17 11:52:30,2021-11-18 10:03:51,LCID,45.0,P,2021-11-26,9,False,False,bear,1,0,False,1,1,1.64,2.58,164.0,94.00000000000001,57.31707317073172,1331.35,True,1-2,11:30,Wednesday,False,,,,,,,,,,,,,,
107,2021-11-17 13:52:10,2021-11-19 13:16:23,LCID,55.0,C,2021-11-19,2,False,False,bull,1,0,False,1,1,1.64,0.12,164.0,-152.0,-92.6829268292683,2844.2166666666667,True,1-2,13:30,Wednesday,False,,,,,,,,,,,,,,
108,2021-11-17 13:56:26,,CSCO,58.0,C,2021-11-19,2,False,False,bull,1,0,False,1,0,0.93,0.0,93.0,,-100.0,,False,1-2,13:30,Wednesday,False,,,,,,,,,,,,,,
109,2021-11-18 09:35:20,2021-11-19 13:18:07,NVDA,340.0,C,2021-11-19,1,False,False,bull,1,0,False,1,1,2.11,0.07,211.0,-204.0,-96.6824644549763,1662.7833333333333,True,1-2,09:30,Thursday,False,,,,,,,,,,,,,,
110,2021-11-18 09:41:57,,AMD,160.0,C,2021-11-19,1,False,False,bull,1,0,False,1,0,1.8,0.0,180.0,,-100.0,,False,1-2,09:30,Thursday,False,,,,,,,,,,,,,,
111,2021-11-18 09:54:40,2021-11-22 12:05:31,NVDA,365.0,C,2021-11-26,8,False,False,bull,1,0,False,1,1,2.35,0.43,235.0,-192.00000000000003,-81.70212765957447,5890.85,True,1-2,09:30,Thursday,False,,,,,,,,,,,,,,
112,2021-11-19 09:47:36,2021-11-19 11:00:45,RBLX,140.0,C,2021-11-19,0,True,False,bull,1,0,False,1,1,0.75,0.8,75.0,5.000000000000004,6.666666666666665,73.15,True,1-2,09:30,Friday,False,,,,,,,,,,,,,,
113,2021-11-19 11:06:32,2021-11-19 11:41:26,SHOP,1800.0,C,2021-11-19,0,True,False,bull,10,0,False,1,2,2.35,2.5,2350.0,150.0,6.382978723404253,34.9,True,6-10,11:00,Friday,False,,,,,,,,,,,,,,
114,2021-11-19 12:49:43,2021-11-22 09:57:17,AAPL,165.0,C,2021-11-26,7,False,False,bull,1,0,False,1,1,0.78,1.85,78.0,107.0,137.17948717948718,4147.566666666667,True,1-2,12:30,Friday,False,,,,,,,,,,,,,,
115,2021-11-19 14:17:58,2021-11-22 09:31:40,ABNB,210.0,C,2021-11-26,7,False,False,bull,1,0,False,1,1,1.02,0.35,102.0,-67.0,-65.68627450980394,4033.7,True,1-2,14:00,Friday,False,,,,,,,,,,,,,,
116,2021-11-19 15:39:01,2021-11-22 09:38:49,TSLA,1290.0,C,2021-11-26,7,False,False,bull,1,0,False,1,1,4.0,8.95,400.0,494.99999999999994,123.74999999999999,3959.8,True,1-2,15:30,Friday,False,,,,,,,,,,,,,,
117,2021-11-22 09:37:11,2021-11-22 09:55:39,SPY,474.0,C,2021-11-22,0,True,True,bull,5,0,False,1,1,0.1,0.2,50.0,50.0,100.0,18.466666666666665,True,3-5,09:30,Monday,True,471.2,471.13,above,0.015,bull,0.025,0.672,,7.2,0.401,PDH,0.064,0.594,0.594
118,2021-11-22 09:48:11,2021-11-26 11:34:05,AMD,160.0,C,2021-11-26,4,False,False,bull,1,0,False,1,1,2.94,0.02,294.0,-292.0,-99.31972789115646,5865.9,True,1-2,09:30,Monday,False,,,,,,,,,,,,,,
119,2021-11-22 10:02:33,2021-11-22 11:47:32,SPY,475.0,C,2021-11-22,0,True,True,bull,10,0,False,1,1,0.13,0.02,130.0,-110.00000000000001,-84.61538461538461,104.98333333333333,True,6-10,10:00,Monday,True,472.63,472.0202,above,0.129,bull,0.223,0.911,,32.5,0.401,PDH,0.367,0.501,0.501
120,2021-11-22 10:03:51,2021-11-22 10:36:18,AAPL,167.5,C,2021-11-26,4,False,False,bull,1,0,False,1,1,1.25,0.86,125.0,-39.0,-31.200000000000006,32.45,True,1-2,10:00,Monday,False,,,,,,,,,,,,,,
121,2021-11-22 10:10:42,2021-11-22 11:30:46,AMD,165.0,C,2021-11-26,4,False,False,bull,5,1,True,2,1,1.57,0.9,785.0,-335.00000000000006,-42.675159235668794,80.06666666666666,True,3-5,10:00,Monday,False,,,,,,,,,,,,,,
122,2021-11-22 10:40:05,2021-11-22 10:53:55,LCID,51.0,P,2021-11-26,4,False,False,bear,1,0,False,1,1,1.63,1.67,163.0,4.0000000000000036,2.4539877300613577,13.833333333333334,True,1-2,10:30,Monday,False,,,,,,,,,,,,,,
123,2021-11-22 15:31:32,2021-11-29 09:31:21,TWTR,50.0,C,2022-01-21,60,False,False,bull,1,0,False,1,1,2.11,4.39,211.0,227.99999999999997,108.0568720379147,9719.816666666668,True,1-2,15:30,Monday,False,,,,,,,,,,,,,,
124,2021-11-22 15:43:07,2021-12-10 10:26:50,IWM,240.0,C,2021-12-17,25,False,False,bull,3,1,True,2,1,2.14,0.05000000000000001,642.0,-627.0,-97.66355140186916,25603.716666666667,True,3-5,15:30,Monday,False,,,,,,,,,,,,,,
125,2021-11-22 15:57:55,2021-11-23 12:17:02,AAPL,155.0,P,2021-11-26,4,False,False,bear,4,0,False,1,1,0.2575,0.3,103.0,16.999999999999993,16.50485436893203,1219.1166666666666,True,3-5,15:30,Monday,False,,,,,,,,,,,,,,
126,2021-11-23 09:59:51,2021-12-08 12:46:38,MSFT,400.0,C,2022-02-18,87,False,False,bull,4,1,True,2,1,1.7525000000000002,0.74,701.0000000000001,-405.00000000000006,-57.774607703281035,21766.783333333333,True,3-5,09:30,Tuesday,False,,,,,,,,,,,,,,
127,2021-11-23 11:28:03,2021-11-24 10:06:48,AMD,150.0,C,2021-11-26,3,False,False,bull,1,0,False,1,1,1.78,3.65,178.0,187.0,105.05617977528088,1358.75,True,1-2,11:00,Tuesday,False,,,,,,,,,,,,,,
128,2021-11-24 10:11:46,2021-12-14 09:35:51,RBLX,130.0,C,2021-12-17,23,False,False,bull,1,0,False,1,1,9.0,0.18,900.0,-882.0,-98.0,28764.083333333332,True,1-2,10:00,Wednesday,False,,,,,,,,,,,,,,
129,2021-11-24 13:44:46,,NVDA,335.0,C,2021-11-26,2,False,False,bull,1,0,False,1,0,0.89,0.0,89.0,,-100.0,,False,1-2,13:30,Wednesday,False,,,,,,,,,,,,,,
130,2021-11-29 09:36:38,2021-11-30 09:49:30,TWTR,53.0,C,2021-12-03,4,False,False,bull,2,0,False,1,1,0.6,0.05,120.0,-109.99999999999999,-91.66666666666666,1452.8666666666666,True,1-2,09:30,Monday,False,,,,,,,,,,,,,,
131,2021-11-29 12:15:45,2021-11-30 12:44:02,AAPL,162.5,C,2021-12-03,4,False,False,bull,1,0,False,1,1,1.01,2.9,101.0,189.0,187.12871287128712,1468.2833333333333,True,1-2,12:00,Monday,False,,,,,,,,,,,,,,
132,2021-11-30 09:54:59,2021-12-03 11:39:09,LCID,60.0,C,2021-12-03,3,False,False,bull,1,0,False,1,1,1.42,0.01,142.0,-141.0,-99.29577464788733,4424.166666666667,True,1-2,09:30,Tuesday,False,,,,,,,,,,,,,,
133,2021-12-01 09:35:05,2021-12-01 12:44:18,MRNA,300.0,P,2021-12-03,2,False,False,bear,1,0,False,1,1,2.5,3.65,250.0,114.99999999999999,46.0,189.21666666666667,True,1-2,09:30,Wednesday,False,,,,,,,,,,,,,,
134,2021-12-01 15:20:50,2021-12-01 15:24:09,RBLX,110.0,P,2021-12-03,2,False,False,bear,1,0,False,1,1,3.11,2.81,311.0,-29.999999999999982,-9.646302250803851,3.316666666666667,True,1-2,15:00,Wednesday,False,,,,,,,,,,,,,,
135,2021-12-02 09:32:32,2021-12-02 10:20:50,TSLA,1200.0,C,2021-12-03,1,False,False,bull,1,0,False,1,1,1.09,0.47,109.00000000000001,-62.000000000000014,-56.88073394495413,48.3,True,1-2,09:30,Thursday,False,,,,,,,,,,,,,,
136,2021-12-02 09:43:45,2021-12-02 15:36:34,SPY,465.0,C,2021-12-03,1,False,True,bull,4,0,False,1,1,0.23,0.3,92.0,27.999999999999993,30.43478260869563,352.81666666666666,True,3-5,09:30,Thursday,True,453.38,451.7601,above,0.359,bear,-0.421,0.979,,13.8,0.031,PDC,0.653,2.563,2.563
137,2021-12-02 09:45:19,2021-12-03 10:21:47,TSM,124.0,C,2021-12-03,1,False,False,bull,1,0,False,1,1,1.15,0.01,114.99999999999999,-113.99999999999999,-99.1304347826087,1476.4666666666667,True,1-2,09:30,Thursday,False,,,,,,,,,,,,,,
138,2021-12-02 13:23:08,2021-12-03 10:07:35,BABA,115.0,P,2021-12-03,1,False,False,bear,1,0,False,1,1,1.17,5.25,117.0,408.0,348.71794871794873,1244.45,True,1-2,13:00,Thursday,False,,,,,,,,,,,,,,
139,2021-12-02 15:01:11,2021-12-03 10:07:30,BIDU,143.0,P,2021-12-03,1,False,False,bear,1,0,False,1,1,0.8,8.3,80.0,750.0000000000001,937.5,1146.3166666666666,True,1-2,15:00,Thursday,False,,,,,,,,,,,,,,
140,2021-12-03 11:11:55,2021-12-03 12:02:21,SPY,449.0,P,2021-12-03,0,True,True,bear,1,0,False,1,1,0.97,1.48,97.0,51.0,52.57731958762888,50.43333333333333,True,1-2,11:00,Friday,True,451.91,454.7327,below,-0.621,bear,-0.335,0.079,-0.48,101.9,0.407,PDL,0.344,-0.644,0.644
141,2021-12-03 11:18:02,2021-12-06 09:44:33,RBLX,100.0,P,2021-12-10,7,False,False,bear,1,0,False,1,1,2.07,2.21,206.99999999999997,14.000000000000012,6.763285024154597,4226.516666666666,True,1-2,11:00,Friday,False,,,,,,,,,,,,,,
142,2021-12-03 13:02:20,2021-12-03 14:47:48,TSLA,1050.0,C,2021-12-03,0,True,False,bull,1,0,False,1,1,1.2,0.19,120.0,-101.0,-84.16666666666667,105.46666666666667,True,1-2,13:00,Friday,False,,,,,,,,,,,,,,
143,2021-12-06 10:04:23,2021-12-07 11:26:33,COST,600.0,C,2021-12-17,11,False,False,bull,1,0,False,1,1,0.8,0.6,80.0,-20.000000000000007,-25.00000000000001,1522.1666666666667,True,1-2,10:00,Monday,False,,,,,,,,,,,,,,
144,2021-12-06 10:59:06,2021-12-06 11:12:47,QQQ,385.0,C,2021-12-06,0,True,False,bull,1,0,False,1,1,0.95,0.64,95.0,-30.999999999999993,-32.63157894736841,13.683333333333334,True,1-2,10:30,Monday,False,,,,,,,,,,,,,,
145,2021-12-06 11:34:31,2021-12-06 11:34:54,AMD,145.0,C,2021-12-10,4,False,False,bull,1,0,False,1,1,0.99,0.99,99.0,0.0,0.0,0.38333333333333336,True,1-2,11:30,Monday,False,,,,,,,,,,,,,,
146,2021-12-06 13:42:20,,COUP,225.0,C,2021-12-17,11,False,False,bull,1,0,False,1,0,1.65,0.0,165.0,,-100.0,,False,1-2,13:30,Monday,False,,,,,,,,,,,,,,
147,2021-12-06 13:43:54,2021-12-07 09:48:38,AAPL,170.0,C,2021-12-10,4,False,False,bull,1,0,False,1,1,0.88,2.36,88.0,148.0,168.18181818181816,1204.7333333333333,True,1-2,13:30,Monday,False,,,,,,,,,,,,,,
148,2021-12-07 09:48:19,2021-12-08 09:33:42,TSM,123.0,C,2021-12-10,3,False,False,bull,1,0,False,1,1,1.09,0.47,109.00000000000001,-62.000000000000014,-56.88073394495413,1425.3833333333334,True,1-2,09:30,Tuesday,False,,,,,,,,,,,,,,
149,2021-12-07 10:00:08,2021-12-07 10:11:42,FB,325.0,C,2021-12-10,3,False,False,bull,1,0,False,1,1,3.65,4.22,365.0,56.999999999999986,15.616438356164375,11.566666666666666,True,1-2,10:00,Tuesday,False,,,,,,,,,,,,,,
150,2021-12-07 12:52:40,2021-12-13 15:04:54,COST,600.0,C,2021-12-17,10,False,False,bull,2,1,True,2,1,0.585,0.2,117.0,-76.99999999999999,-65.8119658119658,8772.233333333334,True,1-2,12:30,Tuesday,False,,,,,,,,,,,,,,
151,2021-12-08 09:41:58,2021-12-08 12:58:03,LOVE,85.0,C,2021-12-17,9,False,False,bull,1,0,False,1,1,0.6,1.19,60.0,59.0,98.33333333333334,196.08333333333334,True,1-2,09:30,Wednesday,False,,,,,,,,,,,,,,
152,2021-12-08 09:44:02,2021-12-08 10:04:27,ROKU,255.0,C,2021-12-10,2,False,False,bull,1,0,False,1,1,2.83,1.58,283.0,-125.0,-44.169611307420496,20.416666666666668,True,1-2,09:30,Wednesday,False,,,,,,,,,,,,,,
153,2021-12-08 10:07:53,2021-12-08 10:21:15,FB,330.0,C,2021-12-10,2,False,False,bull,1,0,False,1,1,2.86,3.85,286.0,99.00000000000003,34.61538461538463,13.366666666666667,True,1-2,10:00,Wednesday,False,,,,,,,,,,,,,,
154,2021-12-08 10:25:12,2021-12-08 10:37:56,AAPL,170.0,P,2021-12-10,2,False,False,bear,2,0,False,1,1,0.75,0.84,150.0,17.999999999999993,11.99999999999999,12.733333333333333,True,1-2,10:00,Wednesday,False,,,,,,,,,,,,,,
155,2021-12-08 11:03:00,2021-12-08 11:32:20,SPY,467.0,C,2021-12-08,0,True,True,bull,1,0,False,1,1,1.05,1.26,105.0,20.999999999999996,19.999999999999996,29.333333333333332,True,1-2,11:00,Wednesday,True,467.065,468.0886,below,-0.219,bear,-0.05,0.02,-0.082,93.0,0.081,PDC,-0.262,-0.014,-0.014
156,2021-12-08 11:18:47,2021-12-08 13:33:03,AAPL,170.0,P,2021-12-10,2,False,False,bear,2,0,False,1,1,0.76,0.66,152.0,-19.999999999999996,-13.157894736842103,134.26666666666668,True,1-2,11:00,Wednesday,False,,,,,,,,,,,,,,
157,2021-12-08 11:27:33,2021-12-08 14:26:03,SNAP,57.0,C,2021-12-17,9,False,False,bull,1,0,False,1,1,1.05,0.84,105.0,-21.000000000000007,-20.000000000000007,178.5,True,1-2,11:00,Wednesday,False,,,,,,,,,,,,,,
158,2021-12-08 11:56:33,2021-12-08 12:07:54,DOCU,160.0,C,2021-12-10,2,False,False,bull,1,0,False,1,1,1.0,1.72,100.0,72.0,72.0,11.35,True,1-2,11:30,Wednesday,False,,,,,,,,,,,,,,
159,2021-12-08 12:34:24,2021-12-09 11:33:36,GOOGL,3020.0,C,2021-12-10,2,False,False,bull,1,0,False,1,1,1.55,3.0,155.0,145.0,93.54838709677418,1379.2,True,1-2,12:30,Wednesday,False,,,,,,,,,,,,,,
160,2021-12-08 13:01:36,2021-12-14 12:41:39,PATH,55.0,C,2021-12-17,9,False,False,bull,2,0,False,1,1,1.27,0.05,254.0,-244.0,-96.06299212598425,8620.05,True,1-2,13:00,Wednesday,False,,,,,,,,,,,,,,
161,2021-12-08 13:23:09,2021-12-08 13:38:49,TSLA,1130.0,C,2021-12-10,2,False,False,bull,1,0,False,1,1,3.25,2.96,325.0,-29.000000000000004,-8.923076923076923,15.666666666666666,True,1-2,13:00,Wednesday,False,,,,,,,,,,,,,,
162,2021-12-09 09:44:09,2021-12-09 09:50:41,LCID,44.0,C,2021-12-17,8,False,False,bull,1,0,False,1,1,1.88,1.55,188.0,-32.999999999999986,-17.553191489361698,6.533333333333333,True,1-2,09:30,Thursday,False,,,,,,,,,,,,,,
163,2021-12-09 09:52:40,2021-12-09 09:55:16,SQ,200.0,C,2021-12-17,8,False,False,bull,1,0,False,1,1,2.5,2.15,250.0,-35.00000000000001,-14.000000000000002,2.6,True,1-2,09:30,Thursday,False,,,,,,,,,,,,,,
164,2021-12-09 10:03:05,2021-12-09 10:05:42,AMC,33.0,C,2021-12-10,1,False,False,bull,2,1,True,2,1,0.865,0.93,173.0,13.00000000000001,7.514450867052025,2.6166666666666667,True,1-2,10:00,Thursday,False,,,,,,,,,,,,,,
165,2021-12-09 10:06:57,2021-12-09 11:59:51,SQ,200.0,C,2021-12-17,8,False,False,bull,1,0,False,1,1,2.54,2.0,254.0,-54.0,-21.259842519685044,112.9,True,1-2,10:00,Thursday,False,,,,,,,,,,,,,,
166,2021-12-09 11:20:47,2021-12-10 15:56:52,AAPL,180.0,C,2021-12-10,1,False,False,bull,1,0,False,1,1,0.24,0.01,24.0,-23.0,-95.83333333333334,1716.0833333333333,True,1-2,11:00,Thursday,False,,,,,,,,,,,,,,
167,2021-12-09 11:59:24,,AAPL,170.0,P,2021-12-10,1,False,False,bear,1,0,False,1,0,0.39,0.0,39.0,,-100.0,,False,1-2,11:30,Thursday,False,,,,,,,,,,,,,,
168,2021-12-09 12:07:30,2021-12-09 14:56:16,GOOGL,3020.0,C,2021-12-10,1,False,False,bull,1,0,False,1,1,2.5,1.0,250.0,-150.0,-60.0,168.76666666666668,True,1-2,12:00,Thursday,False,,,,,,,,,,,,,,
169,2021-12-10 10:03:38,2021-12-10 10:09:14,TSLA,950.0,P,2021-12-10,0,True,False,bear,1,0,False,1,1,2.73,2.0,273.0,-73.0,-26.739926739926744,5.6,True,1-2,10:00,Friday,False,,,,,,,,,,,,,,
170,2021-12-10 10:08:09,2021-12-10 10:14:18,NFLX,620.0,C,2021-12-10,0,True,False,bull,1,0,False,1,1,0.63,1.0,63.0,37.0,58.73015873015872,6.15,True,1-2,10:00,Friday,False,,,,,,,,,,,,,,
171,2021-12-10 10:11:34,2021-12-10 11:43:08,TSLA,950.0,P,2021-12-10,0,True,False,bear,1,0,False,1,1,1.7,0.18,170.0,-152.0,-89.41176470588236,91.56666666666666,True,1-2,10:00,Friday,False,,,,,,,,,,,,,,
172,2021-12-10 10:22:04,2021-12-10 10:25:20,COST,550.0,C,2021-12-10,0,True,False,bull,1,0,False,1,1,0.8,1.65,80.0,84.99999999999999,106.24999999999996,3.2666666666666666,True,1-2,10:00,Friday,False,,,,,,,,,,,,,,
173,2021-12-13 09:40:23,2021-12-13 09:53:56,QCOM,195.0,C,2021-12-17,4,False,False,bull,1,0,False,1,1,1.65,1.05,165.0,-59.999999999999986,-36.36363636363635,13.55,True,1-2,09:30,Monday,False,,,,,,,,,,,,,,
174,2021-12-13 09:58:23,2021-12-13 10:02:50,AMD,140.0,C,2021-12-17,4,False,False,bull,1,0,False,1,1,2.95,2.36,295.0,-59.00000000000003,-20.000000000000007,4.45,True,1-2,09:30,Monday,False,,,,,,,,,,,,,,
175,2021-12-13 10:14:19,2021-12-13 15:54:44,FB,355.0,C,2021-12-17,4,False,False,bull,1,0,False,1,1,1.33,0.5,133.0,-83.0,-62.40601503759399,340.4166666666667,True,1-2,10:00,Monday,False,,,,,,,,,,,,,,
176,2021-12-13 10:28:43,2021-12-13 10:52:13,TSLA,860.0,P,2021-12-17,4,False,False,bear,1,0,False,1,1,3.0,2.44,300.0,-56.00000000000001,-18.666666666666664,23.5,True,1-2,10:00,Monday,False,,,,,,,,,,,,,,
177,2021-12-13 11:21:12,2021-12-13 15:01:05,TSLA,860.0,P,2021-12-17,4,False,False,bear,1,0,False,1,1,4.1,1.76,409.99999999999994,-234.0,-57.073170731707314,219.88333333333333,True,1-2,11:00,Monday,False,,,,,,,,,,,,,,
178,2021-12-13 14:56:53,2021-12-14 09:31:44,AMD,130.0,P,2021-12-17,4,False,False,bear,1,0,False,1,1,1.33,2.3,133.0,96.99999999999997,72.93233082706764,1114.85,True,1-2,14:30,Monday,False,,,,,,,,,,,,,,
179,2021-12-13 15:04:03,2021-12-13 15:44:49,TSLA,1090.0,C,2021-12-17,4,False,False,bull,1,0,False,1,1,2.24,1.74,224.00000000000003,-50.00000000000002,-22.32142857142858,40.766666666666666,True,1-2,15:00,Monday,False,,,,,,,,,,,,,,
180,2021-12-14 09:37:30,2021-12-14 09:42:57,AMD,135.0,C,2021-12-17,3,False,False,bull,1,0,False,1,1,2.76,2.95,276.0,19.00000000000004,6.884057971014501,5.45,True,1-2,09:30,Tuesday,False,,,,,,,,,,,,,,
181,2021-12-14 09:39:04,2021-12-14 09:48:57,CVS,102.0,C,2021-12-17,3,False,False,bull,2,0,False,1,2,0.47,0.6,94.0,26.0,27.65957446808511,9.883333333333333,True,1-2,09:30,Tuesday,False,,,,,,,,,,,,,,
182,2021-12-14 09:45:13,2021-12-14 09:48:22,AMD,140.0,C,2021-12-17,3,False,False,bull,1,0,False,1,1,1.42,1.3,142.0,-11.99999999999999,-8.450704225352101,3.15,True,1-2,09:30,Tuesday,False,,,,,,,,,,,,,,
183,2021-12-14 09:47:09,2021-12-14 09:59:13,NVDA,270.0,P,2021-12-17,3,False,False,bear,1,0,False,1,1,3.25,3.5,325.0,25.0,7.692307692307687,12.066666666666666,True,1-2,09:30,Tuesday,False,,,,,,,,,,,,,,
184,2021-12-14 09:52:43,2021-12-14 10:29:56,AMD,130.0,P,2021-12-17,3,False,False,bear,1,0,False,1,1,1.78,1.02,178.0,-76.0,-42.69662921348315,37.21666666666667,True,1-2,09:30,Tuesday,False,,,,,,,,,,,,,,
185,2021-12-14 10:06:00,2021-12-14 12:16:08,NVDA,270.0,P,2021-12-17,3,False,False,bear,1,0,False,1,1,4.2,5.22,420.0,101.99999999999996,24.285714285714267,130.13333333333333,True,1-2,10:00,Tuesday,False,,,,,,,,,,,,,,
186,2021-12-14 10:20:42,2021-12-14 10:27:39,UBER,39.0,C,2021-12-17,3,False,False,bull,2,0,False,1,1,0.42,0.63,84.0,42.00000000000001,50.0,6.95,True,1-2,10:00,Tuesday,False,,,,,,,,,,,,,,
187,2021-12-14 10:25:46,2021-12-14 10:26:40,NVDA,290.0,C,2021-12-17,3,False,False,bull,1,0,False,1,1,5.51,5.1,551.0,-41.000000000000014,-7.4410163339382995,0.9,True,1-2,10:00,Tuesday,False,,,,,,,,,,,,,,
188,2021-12-14 10:28:12,2021-12-14 10:39:40,AMD,140.0,C,2021-12-17,3,False,False,bull,1,0,False,1,1,1.85,1.47,185.0,-38.000000000000014,-20.54054054054054,11.466666666666667,True,1-2,10:00,Tuesday,False,,,,,,,,,,,,,,
189,2021-12-14 10:46:48,2021-12-15 09:36:59,DIS,147.0,P,2021-12-17,3,False,False,bear,2,0,False,1,1,0.67,1.25,134.0,115.99999999999999,86.56716417910447,1370.1833333333334,True,1-2,10:30,Tuesday,False,,,,,,,,,,,,,,
190,2021-12-14 12:30:24,2021-12-14 13:21:38,RH,510.0,P,2021-12-17,3,False,False,bear,1,0,False,1,1,1.5,1.0,150.0,-50.0,-33.333333333333336,51.233333333333334,True,1-2,12:30,Tuesday,False,,,,,,,,,,,,,,
191,2021-12-14 13:01:56,2021-12-16 09:31:57,F,21.0,C,2021-12-23,9,False,False,bull,5,0,False,1,1,0.25,0.45,125.0,100.0,80.0,2670.016666666667,True,3-5,13:00,Tuesday,False,,,,,,,,,,,,,,
192,2021-12-14 14:30:36,2021-12-15 10:03:09,ORCL,97.0,P,2021-12-17,3,False,False,bear,1,0,False,1,1,0.54,0.17,54.0,-37.0,-68.5185185185185,1172.55,True,1-2,14:30,Tuesday,False,,,,,,,,,,,,,,
193,2021-12-15 09:33:46,2021-12-15 09:40:38,RBLX,95.0,P,2021-12-17,2,False,False,bear,1,0,False,1,1,2.87,3.8,287.0,92.99999999999997,32.40418118466897,6.866666666666666,True,1-2,09:30,Wednesday,False,,,,,,,,,,,,,,
194,2021-12-15 09:39:48,2021-12-15 09:54:19,TSLA,900.0,P,2021-12-17,2,False,False,bear,1,0,False,1,1,3.5,4.5,350.0,100.0,28.57142857142858,14.516666666666667,True,1-2,09:30,Wednesday,False,,,,,,,,,,,,,,
195,2021-12-15 09:42:55,2021-12-15 09:56:39,RBLX,90.0,P,2021-12-17,2,False,False,bear,1,0,False,1,1,1.72,1.05,172.0,-67.0,-38.95348837209301,13.733333333333333,True,1-2,09:30,Wednesday,False,,,,,,,,,,,,,,
196,2021-12-15 10:00:02,2021-12-15 10:28:24,MSFT,335.0,C,2021-12-17,2,False,False,bull,1,0,False,1,1,1.39,1.42,139.0,3.0000000000000027,2.158273381294973,28.366666666666667,True,1-2,10:00,Wednesday,False,,,,,,,,,,,,,,
197,2021-12-15 10:15:02,2021-12-15 11:37:55,TSLA,870.0,P,2021-12-17,2,False,False,bear,1,0,False,1,1,2.69,4.0,269.0,131.0,48.69888475836432,82.88333333333334,True,1-2,10:00,Wednesday,False,,,,,,,,,,,,,,
198,2021-12-15 10:37:07,2021-12-15 11:08:31,ATVI,57.0,P,2021-12-17,2,False,False,bear,12,1,True,2,1,0.315,0.20000000000000004,378.0,-138.0,-36.5079365079365,31.4,True,11+,10:30,Wednesday,False,,,,,,,,,,,,,,
199,2021-12-15 12:14:15,2021-12-15 13:52:57,AVGO,595.0,P,2021-12-17,2,False,False,bear,1,0,False,1,1,1.1,0.72,110.00000000000001,-38.000000000000014,-34.545454545454554,98.7,True,1-2,12:00,Wednesday,False,,,,,,,,,,,,,,
200,2021-12-15 12:52:20,2021-12-15 14:10:03,RBLX,90.0,P,2021-12-17,2,False,False,bear,1,0,False,1,1,1.4,1.27,140.0,-12.99999999999999,-9.285714285714274,77.71666666666667,True,1-2,12:30,Wednesday,False,,,,,,,,,,,,,,
201,2021-12-15 13:35:16,2021-12-15 14:19:23,DIS,146.0,P,2021-12-17,2,False,False,bear,2,0,False,1,1,0.6,0.38,120.0,-43.99999999999999,-36.66666666666666,44.11666666666667,True,1-2,13:30,Wednesday,False,,,,,,,,,,,,,,
202,2021-12-15 14:15:26,2021-12-15 14:26:14,NVDA,300.0,C,2021-12-23,8,False,False,bull,1,0,False,1,1,6.0,5.4,600.0,-59.999999999999964,-9.999999999999998,10.8,True,1-2,14:00,Wednesday,False,,,,,,,,,,,,,,
203,2021-12-16 09:36:47,2021-12-16 09:52:31,FB,347.5,C,2021-12-17,1,False,False,bull,1,0,False,1,1,1.26,1.96,126.0,70.0,55.55555555555556,15.733333333333333,True,1-2,09:30,Thursday,False,,,,,,,,,,,,,,
204,2021-12-16 09:38:07,2021-12-16 10:07:41,RBLX,105.0,C,2021-12-17,1,False,False,bull,2,0,False,1,1,1.05,0.59,210.0,-92.00000000000001,-43.80952380952381,29.566666666666666,True,1-2,09:30,Thursday,False,,,,,,,,,,,,,,
205,2021-12-16 09:38:52,2021-12-16 11:31:10,DIS,146.0,P,2021-12-17,1,False,False,bear,4,1,True,2,1,0.16,0.05,64.0,-44.0,-68.75,112.3,True,3-5,09:30,Thursday,False,,,,,,,,,,,,,,
206,2021-12-16 10:13:51,2021-12-16 10:53:37,PFE,65.0,C,2021-12-17,1,False,False,bull,10,0,False,1,1,0.07,0.04,70.0,-30.000000000000004,-42.85714285714286,39.766666666666666,True,6-10,10:00,Thursday,False,,,,,,,,,,,,,,
207,2021-12-16 10:42:39,2021-12-16 15:17:30,FB,355.0,C,2021-12-23,7,False,False,bull,1,0,False,1,1,2.45,1.03,245.00000000000003,-142.00000000000003,-57.9591836734694,274.85,True,1-2,10:30,Thursday,False,,,,,,,,,,,,,,
208,2021-12-16 11:43:18,,FDX,225.0,P,2021-12-17,1,False,False,bear,1,0,False,1,0,2.2,0.0,220.00000000000003,,-100.0,,False,1-2,11:30,Thursday,False,,,,,,,,,,,,,,
209,2021-12-16 12:48:58,2021-12-16 13:44:46,DIS,146.0,P,2021-12-17,1,False,False,bear,1,0,False,1,1,0.13,0.08,13.0,-5.0,-38.46153846153846,55.8,True,1-2,12:30,Thursday,False,,,,,,,,,,,,,,
210,2021-12-16 13:13:58,2021-12-16 15:38:07,RH,520.0,P,2021-12-17,1,False,False,bear,1,0,False,1,1,1.3,0.8,130.0,-50.0,-38.46153846153846,144.15,True,1-2,13:00,Thursday,False,,,,,,,,,,,,,,
211,2021-12-16 13:53:55,2021-12-17 09:30:54,TSLA,985.0,C,2021-12-17,1,False,False,bull,1,0,False,1,1,3.15,0.66,315.0,-248.99999999999997,-79.04761904761905,1176.9833333333333,True,1-2,13:30,Thursday,False,,,,,,,,,,,,,,
212,2021-12-16 13:58:57,2021-12-17 11:02:05,SPY,470.0,C,2021-12-17,1,False,True,bull,1,0,False,1,1,0.83,0.1,83.0,-73.0,-87.95180722891565,1263.1333333333334,True,1-2,13:30,Thursday,True,468.56,470.3997,below,-0.391,bear,-0.033,0.179,-0.03,268.9,0.423,PDC,-0.429,0.307,0.307
213,2021-12-17 09:51:26,2021-12-17 11:32:27,COST,555.0,C,2021-12-17,0,True,False,bull,1,0,False,1,1,2.75,1.07,275.0,-168.0,-61.090909090909086,101.01666666666667,True,1-2,09:30,Friday,False,,,,,,,,,,,,,,
214,2021-12-17 09:54:58,2021-12-17 10:15:33,AMD,143.0,C,2021-12-17,0,True,False,bull,1,0,False,1,1,0.5,0.21,50.0,-29.000000000000004,-58.00000000000001,20.583333333333332,True,1-2,09:30,Friday,False,,,,,,,,,,,,,,
215,2021-12-17 10:12:06,2021-12-17 10:43:23,TSLA,960.0,C,2021-12-17,0,True,False,bull,1,0,False,1,1,1.8,4.4,180.0,260.00000000000006,144.44444444444446,31.283333333333335,True,1-2,10:00,Friday,False,,,,,,,,,,,,,,
216,2021-12-17 11:28:01,2021-12-17 11:35:07,TSLA,975.0,C,2021-12-17,0,True,False,bull,1,0,False,1,1,1.85,1.08,185.0,-77.0,-41.62162162162162,7.1,True,1-2,11:00,Friday,False,,,,,,,,,,,,,,
217,2021-12-20 10:29:03,2021-12-20 12:15:02,SPY,454.0,C,2021-12-20,0,True,True,bull,2,0,False,1,1,1.1,0.66,220.00000000000003,-88.00000000000001,-40.0,105.98333333333333,True,1-2,10:00,Monday,True,452.75,453.7831,below,-0.228,bear,-0.557,0.078,-0.071,59.0,-1.183,PDL,-1.161,0.276,0.276
218,2021-12-20 11:30:45,2021-12-20 12:19:08,MSFT,310.0,P,2021-12-23,3,False,False,bear,1,0,False,1,1,1.76,1.32,176.0,-43.99999999999999,-25.0,48.38333333333333,True,1-2,11:30,Monday,False,,,,,,,,,,,,,,
219,2021-12-20 12:00:08,2021-12-20 15:54:54,TSLA,1000.0,C,2021-12-23,3,False,False,bull,1,0,False,1,1,1.75,1.2,175.0,-55.00000000000001,-31.428571428571427,234.76666666666668,True,1-2,12:00,Monday,False,,,,,,,,,,,,,,
220,2021-12-20 12:47:18,2021-12-20 14:06:55,NFLX,555.0,P,2021-12-23,3,False,False,bear,3,1,True,2,1,1.1633333333333333,0.71,349.0,-136.0,-38.96848137535817,79.61666666666666,True,3-5,12:30,Monday,False,,,,,,,,,,,,,,
221,2021-12-20 13:24:41,2021-12-22 09:49:20,EBAY,63.0,P,2021-12-23,3,False,False,bear,1,0,False,1,1,0.55,0.09,55.00000000000001,-46.00000000000001,-83.63636363636364,2664.65,True,1-2,13:00,Monday,False,,,,,,,,,,,,,,
222,2021-12-21 09:47:17,2021-12-22 09:49:14,KMX,110.0,P,2021-12-23,2,False,False,bear,1,0,False,1,1,0.7,0.01,70.0,-69.0,-98.57142857142858,1441.95,True,1-2,09:30,Tuesday,False,,,,,,,,,,,,,,
223,2021-12-21 09:51:47,2021-12-21 11:19:03,SBUX,111.0,C,2021-12-23,2,False,False,bull,2,0,False,1,1,0.47,0.56,94.0,18.000000000000014,19.14893617021278,87.26666666666667,True,1-2,09:30,Tuesday,False,,,,,,,,,,,,,,
224,2021-12-21 09:56:21,2021-12-22 09:50:38,MU,90.0,C,2021-12-23,2,False,False,bull,1,0,False,1,1,1.51,1.12,151.0,-38.99999999999999,-25.82781456953642,1434.2833333333333,True,1-2,09:30,Tuesday,False,,,,,,,,,,,,,,
225,2021-12-21 09:58:51,2021-12-22 09:43:27,AAPL,172.5,C,2021-12-23,2,False,False,bull,1,0,False,1,1,1.35,1.72,135.0,36.999999999999986,27.40740740740739,1424.6,True,1-2,09:30,Tuesday,False,,,,,,,,,,,,,,
226,2021-12-21 10:03:11,2021-12-21 11:07:44,FB,330.0,C,2021-12-23,2,False,False,bull,1,0,False,1,1,1.8,2.79,180.0,99.0,55.00000000000001,64.55,True,1-2,10:00,Tuesday,False,,,,,,,,,,,,,,
227,2021-12-21 10:29:02,2021-12-21 11:10:42,DIS,148.0,P,2021-12-23,2,False,False,bear,1,0,False,1,1,0.71,0.52,71.0,-18.999999999999993,-26.76056338028169,41.666666666666664,True,1-2,10:00,Tuesday,False,,,,,,,,,,,,,,
228,2021-12-21 11:01:38,2021-12-21 11:05:02,MU,86.0,P,2021-12-23,2,False,False,bear,1,0,False,1,1,0.55,0.49,55.00000000000001,-6.000000000000005,-10.909090909090914,3.4,True,1-2,11:00,Tuesday,False,,,,,,,,,,,,,,
229,2021-12-21 15:34:33,2021-12-22 09:50:29,COST,565.0,C,2021-12-23,2,False,False,bull,2,0,False,1,1,0.4,0.12,80.0,-56.00000000000001,-70.0,1095.9333333333334,True,1-2,15:30,Tuesday,False,,,,,,,,,,,,,,
230,2021-12-22 09:48:16,2021-12-22 11:05:48,TSLA,1030.0,C,2021-12-23,1,False,False,bull,1,0,False,1,1,3.0,5.7,300.0,270.0,90.00000000000001,77.53333333333333,True,1-2,09:30,Wednesday,False,,,,,,,,,,,,,,
231,2021-12-22 09:57:43,2021-12-22 13:15:20,RBLX,120.0,C,2021-12-31,9,False,False,bull,1,0,False,1,1,1.05,0.39,105.0,-66.0,-62.857142857142854,197.61666666666667,True,1-2,09:30,Wednesday,False,,,,,,,,,,,,,,
232,2021-12-22 09:58:33,2021-12-22 10:18:26,TSM,120.0,C,2021-12-23,1,False,False,bull,3,0,False,1,1,0.38999999999999996,0.53,117.0,42.000000000000014,35.897435897435926,19.883333333333333,True,3-5,09:30,Wednesday,False,,,,,,,,,,,,,,
233,2021-12-22 11:25:01,2021-12-22 13:15:31,QQQ,391.0,P,2021-12-22,0,True,False,bear,1,0,False,1,1,0.43,0.3,43.0,-13.0,-30.23255813953488,110.5,True,1-2,11:00,Wednesday,False,,,,,,,,,,,,,,
234,2021-12-23 11:08:32,2021-12-23 11:31:39,TSLA,1000.0,P,2021-12-23,0,True,False,bear,2,1,True,2,1,0.395,0.24,79.0,-31.000000000000007,-39.240506329113934,23.116666666666667,True,1-2,11:00,Thursday,False,,,,,,,,,,,,,,
235,2021-12-23 11:12:39,2021-12-23 11:14:48,GOOG,2970.0,C,2021-12-23,0,True,False,bull,1,0,False,1,1,4.11,5.36,411.00000000000006,125.0,30.41362530413625,2.15,True,1-2,11:00,Thursday,False,,,,,,,,,,,,,,
236,2021-12-23 11:30:26,2021-12-23 16:00:00,FB,340.0,C,2021-12-23,0,True,False,bull,2,0,False,1,0,0.11,0.0,22.0,-22.0,-100.0,269.56666666666666,True,1-2,11:30,Thursday,False,,,,,,,,,,,,,,
237,2021-12-23 11:35:05,2021-12-23 11:39:48,AAPL,177.5,C,2021-12-23,0,True,False,bull,10,0,False,1,1,0.16,0.15,160.0,-10.000000000000009,-6.25,4.716666666666667,True,6-10,11:30,Thursday,False,,,,,,,,,,,,,,
238,2021-12-23 11:37:54,2021-12-23 11:42:34,CVS,101.0,P,2021-12-23,0,True,False,bear,4,0,False,1,1,0.17,0.13,68.0,-16.000000000000004,-23.529411764705888,4.666666666666667,True,3-5,11:30,Thursday,False,,,,,,,,,,,,,,
239,2021-12-23 11:45:32,2021-12-23 13:22:41,AAPL,177.5,C,2021-12-23,0,True,False,bull,2,0,False,1,1,0.16,0.06,32.0,-20.0,-62.5,97.15,True,1-2,11:30,Thursday,False,,,,,,,,,,,,,,
240,2021-12-23 11:48:55,2021-12-23 12:19:00,TSLA,1070.0,C,2021-12-23,0,True,False,bull,1,0,False,1,1,2.79,5.79,279.0,300.0,107.5268817204301,30.083333333333332,True,1-2,11:30,Thursday,False,,,,,,,,,,,,,,
241,2021-12-23 13:23:51,2021-12-23 16:00:00,TSLA,1105.0,C,2021-12-23,0,True,False,bull,1,0,False,1,0,0.61,0.0,61.0,-61.0,-100.0,156.15,True,1-2,13:00,Thursday,False,,,,,,,,,,,,,,
242,2021-12-27 09:32:08,2021-12-27 11:07:07,NVDA,315.0,C,2021-12-31,4,False,False,bull,1,0,False,1,1,1.78,3.32,178.0,153.99999999999997,86.51685393258425,94.98333333333333,True,1-2,09:30,Monday,False,,,,,,,,,,,,,,
243,2021-12-27 09:35:13,2021-12-27 10:11:05,FB,350.0,C,2021-12-31,4,False,False,bull,1,0,False,1,1,2.05,2.32,204.99999999999997,27.0,13.170731707317085,35.86666666666667,True,1-2,09:30,Monday,False,,,,,,,,,,,,,,
244,2021-12-27 09:35:30,2021-12-27 09:50:31,COIN,300.0,C,2021-12-31,4,False,False,bull,1,0,False,1,1,2.2,1.6,220.00000000000003,-60.00000000000001,-27.27272727272727,15.016666666666667,True,1-2,09:30,Monday,False,,,,,,,,,,,,,,
245,2021-12-27 09:44:01,2021-12-28 11:27:05,AAPL,182.5,C,2021-12-31,4,False,False,bull,1,0,False,1,1,0.85,0.92,85.0,7.000000000000006,8.235294117647074,1543.0666666666666,True,1-2,09:30,Monday,False,,,,,,,,,,,,,,
246,2021-12-27 09:46:51,2021-12-28 09:48:38,GOOGL,3050.0,C,2021-12-31,4,False,False,bull,1,0,False,1,1,2.8,0.95,280.0,-185.0,-66.07142857142857,1441.7833333333333,True,1-2,09:30,Monday,False,,,,,,,,,,,,,,
247,2021-12-27 10:05:07,2021-12-27 14:52:03,TSLA,1300.0,C,2021-12-31,4,False,False,bull,1,0,False,1,1,2.32,1.1,231.99999999999997,-121.99999999999997,-52.586206896551715,286.93333333333334,True,1-2,10:00,Monday,False,,,,,,,,,,,,,,
248,2021-12-27 10:28:25,2021-12-27 10:31:16,MSFT,345.0,C,2021-12-31,4,False,False,bull,1,0,False,1,1,1.19,1.23,119.0,4.0000000000000036,3.3613445378151363,2.85,True,1-2,10:00,Monday,False,,,,,,,,,,,,,,
249,2021-12-27 10:47:05,2021-12-28 11:41:14,AMD,162.5,C,2021-12-31,4,False,False,bull,1,0,False,1,1,0.62,0.37,62.0,-25.0,-40.32258064516129,1494.15,True,1-2,10:30,Monday,False,,,,,,,,,,,,,,
250,2021-12-28 09:39:55,2021-12-29 09:55:36,TSLA,1300.0,C,2021-12-31,3,False,False,bull,1,0,False,1,1,0.84,0.36,84.0,-48.0,-57.14285714285714,1455.6833333333334,True,1-2,09:30,Tuesday,False,,,,,,,,,,,,,,
251,2021-12-28 09:50:48,2021-12-28 10:46:09,ROKU,260.0,C,2021-12-31,3,False,False,bull,1,0,False,1,1,1.29,0.84,129.0,-45.00000000000001,-34.88372093023256,55.35,True,1-2,09:30,Tuesday,False,,,,,,,,,,,,,,
252,2021-12-28 10:14:31,2021-12-28 10:40:52,NFLX,630.0,C,2021-12-31,3,False,False,bull,1,0,False,1,1,2.83,2.04,283.0,-79.0,-27.915194346289752,26.35,True,1-2,10:00,Tuesday,False,,,,,,,,,,,,,,
253,2021-12-28 10:17:24,2021-12-29 09:43:57,NVDA,320.0,C,2021-12-31,3,False,False,bull,2,0,False,1,1,1.5,0.48,300.0,-204.0,-68.0,1406.55,True,1-2,10:00,Tuesday,False,,,,,,,,,,,,,,
254,2021-12-28 11:58:00,2021-12-28 12:38:21,QQQ,406.0,C,2021-12-29,1,False,False,bull,2,0,False,1,1,0.62,0.35,124.0,-54.0,-43.5483870967742,40.35,True,1-2,11:30,Tuesday,False,,,,,,,,,,,,,,
255,2021-12-28 13:33:09,2021-12-31 10:36:12,NVDA,330.0,C,2021-12-31,3,False,False,bull,1,0,False,1,1,0.31,0.01,31.0,-30.0,-96.7741935483871,4143.05,True,1-2,13:30,Tuesday,False,,,,,,,,,,,,,,
256,2021-12-29 09:47:13,2021-12-29 09:53:32,HD,415.0,C,2021-12-31,2,False,False,bull,2,0,False,1,1,0.74,0.98,148.0,48.0,32.432432432432435,6.316666666666666,True,1-2,09:30,Wednesday,False,,,,,,,,,,,,,,
257,2021-12-29 10:01:55,2021-12-29 10:56:30,TSLA,1020.0,P,2021-12-31,2,False,False,bear,1,0,False,1,1,4.3,2.88,430.0,-142.0,-33.02325581395349,54.583333333333336,True,1-2,10:00,Wednesday,False,,,,,,,,,,,,,,
258,2021-12-30 09:36:34,2021-12-31 09:49:54,TSLA,1125.0,C,2021-12-31,1,False,False,bull,1,0,False,1,1,2.75,0.38,275.0,-237.0,-86.18181818181819,1453.3333333333333,True,1-2,09:30,Thursday,False,,,,,,,,,,,,,,
259,2021-12-30 10:26:22,2021-12-30 11:32:15,LCID,40.0,C,2021-12-31,1,False,False,bull,2,0,False,1,1,0.23,0.65,46.0,84.00000000000001,182.60869565217394,65.88333333333334,True,1-2,10:00,Thursday,False,,,,,,,,,,,,,,
260,2021-12-30 10:32:15,2021-12-30 10:57:03,AMD,149.0,C,2021-12-31,1,False,False,bull,1,0,False,1,1,1.64,1.29,164.0,-34.999999999999986,-21.34146341463414,24.8,True,1-2,10:30,Thursday,False,,,,,,,,,,,,,,
261,2021-12-30 15:55:03,2021-12-31 09:37:47,TSLA,1030.0,P,2021-12-31,1,False,False,bear,1,0,False,1,1,1.4,0.62,140.0,-77.99999999999999,-55.714285714285715,1062.7333333333333,True,1-2,15:30,Thursday,False,,,,,,,,,,,,,,
262,2021-12-31 09:31:18,2021-12-31 09:44:08,FB,340.0,P,2021-12-31,0,True,False,bear,1,0,False,1,1,0.66,1.01,66.0,35.0,53.03030303030303,12.833333333333334,True,1-2,09:30,Friday,False,,,,,,,,,,,,,,
263,2021-12-31 09:34:07,2021-12-31 10:04:22,ROKU,245.0,C,2021-12-31,0,True,False,bull,1,0,False,1,1,1.36,0.33,136.0,-103.0,-75.73529411764706,30.25,True,1-2,09:30,Friday,False,,,,,,,,,,,,,,
264,2021-12-31 10:23:19,2021-12-31 10:26:59,TGT,227.5,P,2021-12-31,0,True,False,bear,4,0,False,1,1,0.11,0.06,44.0,-20.0,-45.45454545454546,3.6666666666666665,True,3-5,10:00,Friday,False,,,,,,,,,,,,,,
265,2021-12-31 10:50:57,2021-12-31 16:00:00,NVDA,287.5,P,2021-12-31,0,True,False,bear,1,0,False,1,0,0.13,0.0,13.0,-13.0,-100.0,309.05,True,1-2,10:30,Friday,False,,,,,,,,,,,,,,
266,2022-01-03 09:39:37,2022-01-03 09:48:30,AAPL,185.0,C,2022-01-07,4,False,False,bull,3,0,False,1,1,0.56,0.43,168.00000000000003,-39.000000000000014,-23.214285714285722,8.883333333333333,True,3-5,09:30,Monday,False,,,,,,,,,,,,,,
267,2022-01-03 10:37:17,2022-01-03 11:10:43,TSM,132.0,C,2022-01-07,4,False,False,bull,1,0,False,1,1,0.92,0.7,92.0,-22.000000000000007,-23.913043478260875,33.43333333333333,True,1-2,10:30,Monday,False,,,,,,,,,,,,,,
268,2022-01-04 09:35:05,2022-01-04 10:55:59,NVDA,320.0,C,2022-01-07,3,False,False,bull,1,0,False,1,1,1.19,0.35,119.0,-84.0,-70.58823529411764,80.9,True,1-2,09:30,Tuesday,False,,,,,,,,,,,,,,
269,2022-01-04 09:40:49,2022-01-04 10:24:48,BA,217.5,C,2022-01-07,3,False,False,bull,1,0,False,1,1,0.77,1.0,77.0,23.0,29.87012987012987,43.983333333333334,True,1-2,09:30,Tuesday,False,,,,,,,,,,,,,,
270,2022-01-05 09:31:52,2022-01-05 09:35:16,AAPL,182.5,C,2022-01-07,2,False,False,bull,1,0,False,1,1,0.64,0.44,64.0,-20.0,-31.25,3.4,True,1-2,09:30,Wednesday,False,,,,,,,,,,,,,,
271,2022-01-05 09:33:32,2022-01-05 09:46:50,XOM,67.0,C,2022-01-07,2,False,False,bull,1,0,False,1,1,0.48,0.48,48.0,0.0,0.0,13.3,True,1-2,09:30,Wednesday,False,,,,,,,,,,,,,,
272,2022-01-05 09:35:34,2022-01-05 09:44:27,NIO,29.0,P,2022-01-07,2,False,False,bear,1,0,False,1,1,0.22,0.14,22.0,-7.999999999999999,-36.36363636363635,8.883333333333333,True,1-2,09:30,Wednesday,False,,,,,,,,,,,,,,
273,2022-01-06 10:27:42,2022-01-06 11:18:46,NIO,30.0,C,2022-01-07,1,False,False,bull,3,0,False,1,1,0.33,0.6,99.0,80.99999999999999,81.81818181818181,51.06666666666667,True,3-5,10:00,Thursday,False,,,,,,,,,,,,,,
274,2022-01-06 11:20:21,2022-01-06 13:26:47,SPY,478.0,C,2022-01-07,1,False,True,bull,1,0,False,1,1,0.1,0.05,10.0,-5.0,-50.0,126.43333333333334,True,1-2,11:00,Thursday,True,469.07,468.1343,above,0.2,bull,0.002,0.735,-0.085,110.3,-0.143,PDC,0.122,1.904,1.904
275,2022-01-07 09:43:00,2022-01-07 10:01:57,DIS,160.0,C,2022-01-07,0,True,False,bull,2,0,False,1,1,0.19,0.06,38.0,-26.0,-68.42105263157895,18.95,True,1-2,09:30,Friday,False,,,,,,,,,,,,,,
276,2022-01-07 12:07:00,2022-01-07 15:08:54,QQQ,377.0,P,2022-01-07,0,True,False,bear,2,0,False,1,1,0.28,0.03,56.00000000000001,-50.0,-89.28571428571429,181.9,True,1-2,12:00,Friday,False,,,,,,,,,,,,,,
277,2022-01-07 15:49:01,2022-01-10 09:37:42,BYND,77.0,C,2022-01-14,7,False,False,bull,1,0,False,1,1,0.85,0.47,85.0,-38.0,-44.705882352941174,3948.6833333333334,True,1-2,15:30,Friday,False,,,,,,,,,,,,,,
278,2022-01-10 10:11:29,2022-01-10 10:52:19,NIO,27.0,P,2022-01-14,4,False,False,bear,1,0,False,1,1,0.62,0.71,62.0,8.999999999999996,14.516129032258052,40.833333333333336,True,1-2,10:00,Monday,False,,,,,,,,,,,,,,
279,2022-01-10 10:31:35,2022-01-10 10:42:16,SPCE,12.0,P,2022-01-14,4,False,False,bear,2,0,False,1,1,0.47,0.54,94.0,14.000000000000012,14.893617021276606,10.683333333333334,True,1-2,10:30,Monday,False,,,,,,,,,,,,,,
280,2022-01-10 10:59:09,2022-01-10 11:18:12,SPY,460.0,C,2022-01-10,0,True,True,bull,4,0,False,1,1,0.63,0.99,252.0,144.0,57.14285714285714,19.05,True,3-5,10:30,Monday,True,457.5,459.1505,below,-0.359,bear,-0.469,0.139,-0.094,89.2,-0.702,PDL,-1.549,0.546,0.546
281,2022-01-10 11:25:56,2022-01-10 13:54:23,MRNA,200.0,P,2022-01-14,4,False,False,bear,1,0,False,1,1,0.8,0.84,80.0,3.9999999999999925,4.999999999999982,148.45,True,1-2,11:00,Monday,False,,,,,,,,,,,,,,
282,2022-01-10 11:50:28,2022-01-10 12:22:50,QQQ,368.0,P,2022-01-10,0,True,False,bear,1,0,False,1,1,0.32,0.41,32.0,8.999999999999996,28.125,32.36666666666667,True,1-2,11:30,Monday,False,,,,,,,,,,,,,,
283,2022-01-11 09:53:40,2022-01-11 10:42:43,RBLX,90.0,C,2022-01-14,3,False,False,bull,1,0,False,1,1,2.3,1.71,229.99999999999997,-58.999999999999986,-25.652173913043473,49.05,True,1-2,09:30,Tuesday,False,,,,,,,,,,,,,,
284,2022-01-11 10:02:55,2022-01-11 10:18:53,CVS,107.0,C,2022-01-14,3,False,False,bull,4,0,False,1,1,0.54,0.46,216.0,-32.00000000000001,-14.814814814814813,15.966666666666667,True,3-5,10:00,Tuesday,False,,,,,,,,,,,,,,
285,2022-01-11 10:07:24,2022-01-11 12:29:31,F,24.0,C,2022-01-14,3,False,False,bull,4,0,False,1,1,0.28,0.43,112.00000000000001,59.999999999999986,53.571428571428555,142.11666666666667,True,3-5,10:00,Tuesday,False,,,,,,,,,,,,,,
286,2022-01-11 10:13:13,2022-01-11 10:17:33,SPY,470.0,C,2022-01-12,1,False,True,bull,2,0,False,1,1,0.59,0.5,118.0,-17.999999999999993,-15.254237288135586,4.333333333333333,True,1-2,10:00,Tuesday,True,463.95,463.6133,above,0.073,bull,0.066,0.561,0.037,43.2,-0.082,PDC,-0.348,1.304,1.304
287,2022-01-11 10:16:54,2022-01-11 10:29:00,IBM,126.0,P,2022-01-14,3,False,False,bear,1,0,False,1,1,0.5,0.41,50.0,-9.000000000000002,-18.000000000000004,12.1,True,1-2,10:00,Tuesday,False,,,,,,,,,,,,,,
288,2022-01-12 09:33:00,2022-01-12 09:44:44,F,25.0,C,2022-01-14,2,False,False,bull,10,0,False,1,1,0.3,0.23000000000000004,300.0,-69.99999999999997,-23.333333333333318,11.733333333333333,True,6-10,09:30,Wednesday,False,,,,,,,,,,,,,,
289,2022-01-12 09:53:40,2022-01-12 09:55:15,NVDA,290.0,C,2022-01-14,2,False,False,bull,1,0,False,1,1,1.78,1.57,178.0,-20.999999999999996,-11.79775280898876,1.5833333333333333,True,1-2,09:30,Wednesday,False,,,,,,,,,,,,,,
290,2022-01-12 10:13:00,2022-01-12 10:29:35,SPY,474.0,C,2022-01-12,0,True,True,bull,3,0,False,1,1,0.66,0.46,198.0,-59.999999999999986,-30.303030303030297,16.583333333333332,True,3-5,10:00,Wednesday,True,472.95,472.144,above,0.171,bull,0.265,1.0,0.218,43.0,0.399,PDH,0.66,0.222,0.222
291,2022-01-13 09:56:39,2022-01-13 10:13:48,QCOM,195.0,C,2022-01-14,1,False,False,bull,2,0,False,1,1,0.59,0.42,118.0,-34.0,-28.8135593220339,17.15,True,1-2,09:30,Thursday,False,,,,,,,,,,,,,,
292,2022-01-13 10:25:18,2022-01-13 10:29:19,WDC,68.0,C,2022-01-14,1,False,False,bull,4,0,False,1,1,0.31,0.23,124.0,-31.999999999999996,-25.806451612903224,4.016666666666667,True,3-5,10:00,Thursday,False,,,,,,,,,,,,,,
293,2022-01-13 11:40:44,2022-01-13 12:04:18,SPY,472.0,C,2022-01-14,1,False,True,bull,1,0,False,1,1,1.45,0.99,145.0,-46.0,-31.72413793103448,23.566666666666666,True,1-2,11:30,Thursday,True,471.27,470.9579,above,0.066,bear,-0.003,0.573,0.257,130.7,0.261,PDC,0.036,0.155,0.155
294,2022-01-13 12:03:58,2022-01-13 12:27:59,QQQ,380.0,P,2022-01-14,1,False,False,bear,1,0,False,1,1,0.8,1.99,80.0,119.0,148.74999999999997,24.016666666666666,True,1-2,12:00,Thursday,False,,,,,,,,,,,,,,
295,2022-01-13 14:59:28,2022-01-13 15:50:13,SPY,463.0,P,2022-01-14,1,False,True,bear,1,0,False,1,1,0.62,1.54,62.0,92.0,148.38709677419354,50.75,True,1-2,14:30,Thursday,True,467.2,469.3059,below,-0.449,bear,-0.105,0.068,-0.133,329.5,0.261,PDL,-0.382,-0.899,0.899
296,2022-01-14 09:38:59,2022-01-14 09:56:06,SPY,467.0,C,2022-01-14,0,True,True,bull,10,0,False,1,1,0.31,0.55,310.0,240.0,77.4193548387097,17.116666666666667,True,6-10,09:30,Friday,True,461.03,461.15,below,-0.026,bear,-0.31,0.304,,9.0,-0.787,PDL,-0.522,1.295,1.295
297,2022-01-14 09:41:47,2022-01-14 09:55:40,WYNN,93.0,C,2022-01-14,0,True,False,bull,2,0,False,1,1,0.3,0.31,60.0,2.0000000000000018,3.3333333333333437,13.883333333333333,True,1-2,09:30,Friday,False,,,,,,,,,,,,,,
298,2022-01-14 09:52:25,2022-01-14 10:38:14,SPY,469.0,C,2022-01-14,0,True,True,bull,10,0,False,1,1,0.15,0.05,150.0,-100.0,-66.66666666666666,45.81666666666667,True,6-10,09:30,Friday,True,462.8,462.3508,above,0.097,bear,-0.314,0.668,,22.4,-0.787,PDL,-0.14,1.34,1.34
299,2022-01-14 10:10:13,2022-01-14 11:09:58,TSLA,1070.0,C,2022-01-14,0,True,False,bull,1,0,False,1,1,1.06,0.42,106.0,-64.00000000000001,-60.377358490566046,59.75,True,1-2,10:00,Friday,False,,,,,,,,,,,,,,
300,2022-01-14 12:24:28,2022-01-14 13:21:53,SPY,480.0,C,2022-01-21,7,False,True,bull,1,0,False,1,1,0.09,0.08,9.0,-0.9999999999999996,-11.111111111111105,57.416666666666664,True,1-2,12:00,Friday,True,462.54,462.7324,below,-0.042,bear,-0.018,0.443,-0.158,174.5,-0.787,PDL,-0.196,3.775,3.775
301,2022-01-18 09:36:42,2022-01-18 09:39:35,SPY,455.0,P,2022-01-18,0,True,True,bear,1,0,False,1,1,0.99,0.77,99.0,-21.999999999999996,-22.22222222222222,2.8833333333333333,True,1-2,09:30,Tuesday,True,458.635,459.0533,below,-0.091,bull,0.001,0.015,,6.7,-1.05,PDL,-0.279,-0.793,0.793
302,2022-01-18 09:39:06,2022-01-18 10:41:58,ATVI,80.0,P,2022-01-21,3,False,False,bear,5,0,False,1,1,0.39,0.18,195.00000000000003,-105.00000000000003,-53.846153846153854,62.86666666666667,True,3-5,09:30,Tuesday,False,,,,,,,,,,,,,,
303,2022-01-18 10:12:26,2022-01-18 10:14:14,QQQ,379.0,C,2022-01-18,0,True,False,bull,2,0,False,1,1,0.6,0.49,120.0,-21.999999999999996,-18.333333333333336,1.8,True,1-2,10:00,Tuesday,False,,,,,,,,,,,,,,
304,2022-01-18 10:15:28,2022-01-18 10:23:58,SPY,455.0,P,2022-01-18,0,True,True,bear,2,0,False,1,1,0.49,0.57,98.0,15.999999999999993,16.326530612244895,8.5,True,1-2,10:00,Tuesday,True,458.49,458.5054,below,-0.003,bear,-0.328,0.48,-0.068,45.5,-1.05,PDL,-0.311,-0.761,0.761
305,2022-01-18 11:42:07,2022-01-19 10:31:07,FB,330.0,C,2022-01-21,3,False,False,bull,2,1,True,2,1,1.585,1.05,317.0,-106.99999999999999,-33.753943217665615,1369.0,True,1-2,11:30,Tuesday,False,,,,,,,,,,,,,,
306,2022-01-18 13:54:04,2022-01-18 15:13:46,BABA,136.0,C,2022-01-21,3,False,False,bull,1,0,False,1,1,0.63,0.78,63.0,15.000000000000002,23.809523809523814,79.7,True,1-2,13:30,Tuesday,False,,,,,,,,,,,,,,
307,2022-01-18 14:04:06,2022-01-18 16:01:22,SPY,465.0,C,2022-01-19,1,False,True,bull,2,0,False,1,1,0.31,0.12,62.0,-38.0,-61.29032258064516,117.26666666666667,True,1-2,14:00,Tuesday,True,457.07,457.7415,below,-0.147,bear,-0.01,0.356,0.208,274.1,-1.05,PDL,-0.62,1.735,1.735
308,2022-01-19 09:48:51,2022-01-19 10:18:04,QQQ,378.0,C,2022-01-19,0,True,False,bull,4,0,False,1,1,0.43,0.21,172.0,-88.0,-51.162790697674424,29.216666666666665,True,3-5,09:30,Wednesday,False,,,,,,,,,,,,,,
309,2022-01-19 11:04:54,2022-01-19 11:54:11,SPY,455.0,P,2022-01-19,0,True,True,bear,2,0,False,1,1,1.05,0.71,210.0,-68.00000000000001,-32.38095238095239,49.28333333333333,True,1-2,11:00,Wednesday,True,456.32,457.6852,below,-0.298,bear,-0.124,0.2,-0.011,94.9,0.355,PDC,-0.039,-0.289,0.289
310,2022-01-20 09:40:30,2022-01-20 09:46:33,TSM,127.0,P,2022-01-21,1,False,False,bear,1,0,False,1,1,0.58,0.4,57.99999999999999,-17.999999999999993,-31.034482758620683,6.05,True,1-2,09:30,Thursday,False,,,,,,,,,,,,,,
311,2022-01-20 09:48:22,2022-01-20 10:04:49,BABA,130.0,P,2022-01-21,1,False,False,bear,1,0,False,1,1,1.2,0.8,120.0,-39.99999999999999,-33.33333333333333,16.45,True,1-2,09:30,Thursday,False,,,,,,,,,,,,,,
312,2022-01-20 09:59:47,2022-01-20 10:11:53,QQQ,377.0,C,2022-01-21,1,False,False,bull,1,0,False,1,1,0.8,0.74,80.0,-6.000000000000005,-7.500000000000007,12.1,True,1-2,09:30,Thursday,False,,,,,,,,,,,,,,
313,2022-01-20 13:01:55,2022-01-21 09:52:59,PTON,19.0,P,2022-01-21,1,False,False,bear,1,0,False,1,1,1.28,0.02,128.0,-126.0,-98.4375,1251.0666666666666,True,1-2,13:00,Thursday,False,,,,,,,,,,,,,,
314,2022-01-21 09:30:01,2022-01-21 10:06:37,TSLA,920.0,P,2022-01-21,0,True,False,bear,1,0,False,1,1,0.78,2.09,78.0,130.99999999999997,167.94871794871793,36.6,True,1-2,09:30,Friday,False,,,,,,,,,,,,,,
315,2022-01-21 09:36:19,2022-01-21 09:53:04,NFLX,460.0,C,2022-01-21,0,True,False,bull,1,0,False,1,1,0.2,0.12,20.0,-8.000000000000002,-40.0,16.75,True,1-2,09:30,Friday,False,,,,,,,,,,,,,,
316,2022-01-21 10:10:58,2022-01-21 10:35:24,TSLA,915.0,P,2022-01-21,0,True,False,bear,1,0,False,1,1,2.12,0.69,212.0,-143.00000000000003,-67.45283018867924,24.433333333333334,True,1-2,10:00,Friday,False,,,,,,,,,,,,,,
317,2022-01-21 10:16:18,2022-01-21 14:18:22,SPY,430.0,P,2022-01-21,0,True,True,bear,1,0,False,1,1,0.11,0.02,11.0,-9.0,-81.81818181818181,242.06666666666666,True,1-2,10:00,Friday,True,441.95,443.9005,below,-0.439,bear,-0.671,0.066,-0.399,46.3,-0.208,PDL,-0.969,-2.704,2.704
318,2022-01-21 10:37:45,2022-01-21 14:18:13,TSLA,1025.0,C,2022-01-21,0,True,False,bull,1,0,False,1,1,0.6,0.02,60.0,-57.99999999999999,-96.66666666666667,220.46666666666667,True,1-2,10:30,Friday,False,,,,,,,,,,,,,,
319,2022-01-24 10:09:34,2022-01-24 14:55:20,SPY,443.0,C,2022-01-24,0,True,True,bull,1,0,False,1,1,0.11,0.01,11.0,-10.0,-90.9090909090909,285.76666666666665,True,1-2,10:00,Monday,True,428.155,430.4432,below,-0.532,bear,-0.901,0.018,-0.879,39.6,-1.356,PDL,-2.241,3.467,3.467
320,2022-01-26 09:31:19,2022-01-26 09:53:10,MSFT,265.0,P,2022-01-28,2,False,False,bear,1,0,False,1,1,0.17,0.25,17.0,7.999999999999999,47.058823529411754,21.85,True,1-2,09:30,Wednesday,False,,,,,,,,,,,,,,
321,2022-01-26 09:54:42,2022-01-27 09:40:32,TSLA,1120.0,C,2022-01-28,2,False,False,bull,1,0,False,1,1,4.95,0.31,495.0,-464.00000000000006,-93.73737373737374,1425.8333333333333,True,1-2,09:30,Wednesday,False,,,,,,,,,,,,,,
322,2022-01-26 10:08:17,2022-01-26 10:53:11,DKNG,24.0,C,2022-01-28,2,False,False,bull,3,0,False,1,1,0.29,0.22,86.99999999999999,-20.999999999999986,-24.13793103448275,44.9,True,3-5,10:00,Wednesday,False,,,,,,,,,,,,,,
323,2022-01-26 10:13:38,2022-01-26 10:53:01,AMD,120.0,C,2022-01-28,2,False,False,bull,1,0,False,1,1,1.1,0.66,110.00000000000001,-44.00000000000001,-40.0,39.38333333333333,True,1-2,10:00,Wednesday,False,,,,,,,,,,,,,,
324,2022-01-26 14:08:44,2022-01-26 14:49:38,SPY,462.0,C,2022-01-28,2,False,True,bull,7,1,True,2,1,0.19714285714285715,0.05,138.0,-103.0,-74.63768115942028,40.9,True,6-10,14:00,Wednesday,True,442.79,440.7376,above,0.466,bull,0.049,0.811,0.481,278.7,1.486,PDH,0.7,4.338,4.338
325,2022-01-27 09:57:36,2022-01-27 10:09:02,NVDA,215.0,P,2022-01-28,1,False,False,bear,1,0,False,1,1,1.14,0.89,113.99999999999999,-24.99999999999999,-21.9298245614035,11.433333333333334,True,1-2,09:30,Thursday,False,,,,,,,,,,,,,,
326,2022-01-28 11:30:50,2022-01-28 12:23:11,PFE,54.0,P,2022-01-28,0,True,False,bear,6,1,True,2,1,0.15,0.06,89.99999999999999,-53.99999999999999,-60.0,52.35,True,6-10,11:30,Friday,False,,,,,,,,,,,,,,
327,2022-01-31 09:37:43,2022-01-31 11:58:24,SPY,452.0,C,2022-01-31,0,True,True,bull,4,0,False,1,1,0.1,0.12,40.0,7.9999999999999964,19.999999999999996,140.68333333333334,True,3-5,09:30,Monday,True,441.66,441.0667,above,0.135,bull,0.462,0.989,,7.7,-0.165,PDC,-0.066,2.341,2.341
328,2022-02-02 09:46:58,2022-02-02 10:01:06,MSFT,320.0,C,2022-02-11,9,False,False,bull,1,0,False,1,1,1.81,2.81,181.0,100.0,55.24861878453038,14.133333333333333,True,1-2,09:30,Wednesday,False,,,,,,,,,,,,,,
329,2022-02-02 09:53:45,2022-02-02 11:00:50,TSLA,1000.0,C,2022-02-04,2,False,False,bull,1,0,False,1,1,2.18,1.48,218.00000000000003,-70.00000000000001,-32.11009174311927,67.08333333333333,True,1-2,09:30,Wednesday,False,,,,,,,,,,,,,,
330,2022-02-02 11:10:15,2022-02-02 11:30:26,MSFT,320.0,C,2022-02-11,9,False,False,bull,1,0,False,1,1,1.8,1.75,180.0,-5.000000000000004,-2.777777777777779,20.183333333333334,True,1-2,11:00,Wednesday,False,,,,,,,,,,,,,,
331,2022-02-02 11:11:49,2022-02-02 11:15:37,NIO,23.0,P,2022-02-04,2,False,False,bear,2,0,False,1,1,0.53,0.65,106.0,24.0,22.64150943396226,3.8,True,1-2,11:00,Wednesday,False,,,,,,,,,,,,,,
332,2022-02-03 09:39:22,2022-02-03 09:47:45,SOFI,12.5,C,2022-02-04,1,False,False,bull,5,0,False,1,1,0.2,0.17,100.0,-14.999999999999991,-15.000000000000002,8.383333333333333,True,3-5,09:30,Thursday,False,,,,,,,,,,,,,,
333,2022-02-03 10:24:26,2022-02-03 10:55:01,QCOM,195.0,C,2022-02-11,8,False,False,bull,1,0,False,1,1,2.16,1.84,216.0,-32.00000000000001,-14.814814814814813,30.583333333333332,True,1-2,10:00,Thursday,False,,,,,,,,,,,,,,
334,2022-02-03 10:31:47,2022-02-03 10:44:55,SPY,456.0,C,2022-02-04,1,False,True,bull,1,0,False,1,1,1.22,1.18,122.0,-4.0000000000000036,-3.2786885245901676,13.133333333333333,True,1-2,10:30,Thursday,True,452.515,451.155,above,0.301,bear,-0.282,0.9,0.479,61.8,-1.358,PDL,-0.12,0.77,0.77
335,2022-02-03 10:40:22,2022-02-03 15:40:41,F,24.0,C,2022-02-04,1,False,False,bull,5,0,False,1,1,0.09,0.08,44.99999999999999,-4.999999999999993,-11.111111111111105,300.31666666666666,True,3-5,10:30,Thursday,False,,,,,,,,,,,,,,
336,2022-02-03 10:45:36,2022-02-03 10:51:23,UBER,40.0,C,2022-02-18,15,False,False,bull,2,0,False,1,1,0.97,0.88,194.0,-17.999999999999993,-9.278350515463918,5.783333333333333,True,1-2,10:30,Thursday,False,,,,,,,,,,,,,,
337,2022-02-03 11:02:10,2022-02-03 11:13:31,SPY,449.0,P,2022-02-04,1,False,True,bear,1,0,False,1,1,1.72,1.46,172.0,-26.0,-15.116279069767447,11.35,True,1-2,11:00,Thursday,True,451.96,451.4389,above,0.115,bear,-0.155,0.672,-0.123,92.2,-1.358,PDL,-0.243,-0.655,0.655
338,2022-02-03 13:58:50,2022-02-03 14:19:13,LMT,395.0,C,2022-02-04,1,False,False,bull,1,0,False,1,1,0.9,1.2,90.0,29.999999999999993,33.33333333333333,20.383333333333333,True,1-2,13:30,Thursday,False,,,,,,,,,,,,,,
339,2022-02-03 14:02:40,2022-02-03 14:40:53,AMZN,3700.0,C,2022-02-04,1,False,False,bull,1,0,False,1,1,1.7,1.34,170.0,-35.999999999999986,-21.176470588235286,38.21666666666667,True,1-2,14:00,Thursday,False,,,,,,,,,,,,,,
340,2022-02-03 14:40:42,2022-02-03 15:05:28,SPY,444.0,P,2022-02-07,4,False,True,bear,1,0,False,1,1,2.37,2.48,237.0,10.999999999999988,4.641350210970452,24.766666666666666,True,1-2,14:30,Thursday,True,448.72,450.9413,below,-0.493,bear,-0.068,0.021,-0.353,310.7,-1.358,PDL,-0.958,-1.052,1.052
341,2022-02-03 14:57:09,2022-02-03 15:04:11,QQQ,351.0,P,2022-02-04,1,False,False,bear,1,0,False,1,1,1.9,2.07,190.0,16.999999999999993,8.947368421052637,7.033333333333333,True,1-2,14:30,Thursday,False,,,,,,,,,,,,,,
342,2022-02-03 15:05:21,2022-02-04 09:47:28,SNAP,21.0,P,2022-02-11,8,False,False,bear,2,1,True,2,1,1.46,0.05,292.0,-282.0,-96.57534246575342,1122.1166666666666,True,1-2,15:00,Thursday,False,,,,,,,,,,,,,,
343,2022-02-03 15:54:58,2022-02-04 09:47:35,TSLA,800.0,P,2022-02-04,1,False,False,bear,1,0,False,1,1,1.04,0.27,104.0,-77.0,-74.03846153846155,1072.6166666666666,True,1-2,15:30,Thursday,False,,,,,,,,,,,,,,
344,2022-02-04 09:48:11,2022-02-04 09:52:12,AMD,123.0,C,2022-02-04,0,True,False,bull,1,0,False,1,1,0.7,0.52,70.0,-17.999999999999993,-25.71428571428571,4.016666666666667,True,1-2,09:30,Friday,False,,,,,,,,,,,,,,
345,2022-02-04 09:55:01,2022-02-04 09:56:13,AMD,118.0,P,2022-02-04,0,True,False,bear,1,0,False,1,1,0.75,0.48,75.0,-27.0,-36.0,1.2,True,1-2,09:30,Friday,False,,,,,,,,,,,,,,
346,2022-02-04 10:07:32,2022-02-04 10:44:26,TSLA,935.0,C,2022-02-04,0,True,False,bull,1,0,False,1,1,3.45,1.13,345.0,-232.00000000000003,-67.2463768115942,36.9,True,1-2,10:00,Friday,False,,,,,,,,,,,,,,
347,2022-02-04 10:29:49,2022-02-04 10:33:39,DASH,102.0,C,2022-02-04,0,True,False,bull,1,0,False,1,1,0.73,0.78,73.0,5.000000000000004,6.849315068493156,3.8333333333333335,True,1-2,10:00,Friday,False,,,,,,,,,,,,,,
348,2022-02-04 10:48:29,2022-02-04 13:00:55,TSLA,935.0,C,2022-02-04,0,True,False,bull,1,0,False,1,1,1.4,3.0,140.0,160.0,114.28571428571428,132.43333333333334,True,1-2,10:30,Friday,False,,,,,,,,,,,,,,
349,2022-02-04 10:57:37,2022-02-04 14:55:59,HD,370.0,C,2022-02-11,7,False,False,bull,1,0,False,1,1,1.28,2.0,128.0,72.0,56.25,238.36666666666667,True,1-2,10:30,Friday,False,,,,,,,,,,,,,,
350,2022-02-04 11:51:47,2022-02-04 12:33:07,SPXW,4550.0,C,2022-02-04,0,True,True,bull,1,0,False,1,1,1.0,0.75,100.0,-25.0,-25.0,41.333333333333336,True,1-2,11:30,Friday,True,447.05,446.1153,above,0.21,bull,0.026,0.658,0.518,141.8,-0.018,PDC,0.134,1.778,1.778
351,2022-02-07 09:33:10,2022-02-07 10:20:10,SPY,451.0,C,2022-02-07,0,True,True,bull,1,0,False,1,1,0.96,0.73,96.0,-23.0,-23.958333333333336,47.0,True,1-2,09:30,Monday,False,,,,,,,,,,,,,,
352,2022-02-07 09:42:38,2022-02-07 10:18:15,SPY,453.0,C,2022-02-07,0,True,True,bull,1,0,False,1,1,0.48,0.28,48.0,-19.999999999999996,-41.666666666666664,35.61666666666667,True,1-2,09:30,Monday,True,449.38,448.9646,above,0.093,bear,-0.11,0.81,,12.6,0.169,PDC,0.14,0.806,0.806
353,2022-02-07 09:55:02,2022-02-07 10:18:01,AMD,130.0,C,2022-02-11,4,False,False,bull,1,0,False,1,1,2.0,1.49,200.0,-51.0,-25.5,22.983333333333334,True,1-2,09:30,Monday,False,,,,,,,,,,,,,,
354,2022-02-07 09:57:08,2022-02-07 10:13:59,SOFI,13.0,C,2022-02-11,4,False,False,bull,2,0,False,1,1,0.28,0.19,56.00000000000001,-18.000000000000004,-32.14285714285715,16.85,True,1-2,09:30,Monday,False,,,,,,,,,,,,,,
355,2022-02-07 10:43:17,2022-02-07 11:53:45,TSLA,1025.0,C,2022-02-11,4,False,False,bull,1,0,False,1,1,3.0,2.26,300.0,-74.00000000000003,-24.66666666666667,70.46666666666667,True,1-2,10:30,Monday,False,,,,,,,,,,,,,,
356,2022-02-08 10:23:07,2022-02-08 11:03:22,AAL,17.5,P,2022-02-11,3,False,False,bear,3,0,False,1,1,0.29,0.20000000000000004,86.99999999999999,-26.99999999999998,-31.034482758620673,40.25,True,3-5,10:00,Tuesday,False,,,,,,,,,,,,,,
357,2022-02-08 11:03:58,2022-02-08 11:41:11,SPY,446.0,P,2022-02-09,1,False,True,bear,1,0,False,1,1,1.41,1.05,141.0,-35.999999999999986,-25.531914893617014,37.21666666666667,True,1-2,11:00,Tuesday,True,447.95,446.6142,above,0.299,bull,0.008,0.906,0.383,94.0,-0.107,PDC,0.159,-0.435,0.435
358,2022-02-08 11:44:05,2022-02-08 13:26:07,SPY,455.0,C,2022-02-09,1,False,True,bull,5,0,False,1,2,0.4600000000000001,0.534,230.00000000000003,36.999999999999964,16.086956521739125,102.03333333333333,True,3-5,11:30,Tuesday,True,449.65,447.315,above,0.522,bull,0.159,0.96,0.223,134.1,-0.107,PDH,-0.29,1.19,1.19
359,2022-02-08 13:35:33,2022-02-08 13:45:41,SPY,451.0,C,2022-02-09,1,False,True,bull,1,0,False,1,1,1.85,1.63,185.0,-22.00000000000002,-11.891891891891904,10.133333333333333,True,1-2,13:30,Tuesday,True,450.24,448.5323,above,0.381,bull,0.036,0.829,-0.058,245.6,-0.107,PDH,-0.16,0.169,0.169
360,2022-02-09 09:46:14,2022-02-09 10:20:21,SPY,458.0,C,2022-02-09,0,True,True,bull,3,1,True,2,1,0.6633333333333332,0.41,198.99999999999997,-75.99999999999997,-38.190954773869336,34.11666666666667,True,3-5,09:30,Wednesday,True,455.96,455.7325,above,0.05,bull,0.398,0.76,,16.2,0.983,PDH,0.907,0.447,0.447
361,2022-02-09 10:02:10,2022-02-09 10:19:35,MSFT,315.0,C,2022-02-11,2,False,False,bull,1,0,False,1,1,0.7,0.44,70.0,-25.999999999999996,-37.14285714285713,17.416666666666668,True,1-2,10:00,Wednesday,False,,,,,,,,,,,,,,
362,2022-02-09 10:20:54,2022-02-09 10:32:58,SPY,453.0,P,2022-02-09,0,True,True,bear,1,0,False,1,1,0.66,0.39,66.0,-27.0,-40.90909090909091,12.066666666666666,True,1-2,10:00,Wednesday,True,455.2,455.7211,below,-0.114,bull,0.371,0.121,-0.162,50.9,0.983,PDH,0.739,-0.483,0.483
363,2022-02-09 10:21:25,2022-02-11 10:21:38,TSLA,1000.0,C,2022-02-11,2,False,False,bull,2,1,True,2,1,1.06,0.04,212.0,-204.0,-96.22641509433963,2880.2166666666667,True,1-2,10:00,Wednesday,False,,,,,,,,,,,,,,
364,2022-02-11 10:23:07,2022-02-11 10:29:53,QQQ,348.0,P,2022-02-11,0,True,False,bear,1,0,False,1,1,0.21,0.16,21.0,-4.999999999999999,-23.809523809523803,6.766666666666667,True,1-2,10:00,Friday,False,,,,,,,,,,,,,,
365,2022-02-14 09:35:51,2022-02-14 10:06:00,SPY,449.0,C,2022-02-14,0,True,True,bull,1,0,False,1,1,0.18,0.08,18.0,-10.0,-55.55555555555556,30.15,True,1-2,09:30,Monday,True,440.03,440.0567,below,-0.006,bear,-0.15,0.477,,5.8,-0.104,PDC,-0.089,2.038,2.038
366,2022-02-15 15:58:30,,RBLX,150.0,C,2022-02-18,3,False,False,bull,1,0,False,1,0,0.07,0.0,7.000000000000001,,-100.0,,False,1-2,15:30,Tuesday,False,,,,,,,,,,,,,,
367,2022-02-17 10:02:13,2022-02-17 10:21:46,SPY,450.0,C,2022-02-18,1,False,True,bull,3,0,False,1,1,0.33,0.26,99.0,-20.999999999999996,-21.212121212121215,19.55,True,3-5,10:00,Thursday,True,440.79,442.1511,below,-0.308,bear,-0.347,0.061,,32.2,-0.739,PDL,-0.265,2.089,2.089
368,2022-02-17 10:15:49,2022-02-17 10:25:02,SPY,445.0,C,2022-02-18,1,False,True,bull,1,0,False,1,1,1.52,1.2,152.0,-32.00000000000001,-21.052631578947366,9.216666666666667,True,1-2,10:00,Thursday,True,441.6,441.8112,below,-0.048,bear,-0.369,0.374,-0.319,45.8,-0.739,PDL,-0.081,0.77,0.77
369,2022-02-17 10:28:31,2022-02-17 12:06:58,AMZN,3300.0,C,2022-02-18,1,False,False,bull,2,1,True,2,1,1.27,0.82,254.0,-90.00000000000001,-35.43307086614173,98.45,True,1-2,10:00,Thursday,False,,,,,,,,,,,,,,
370,2022-02-17 12:09:52,2022-02-17 12:29:42,SPY,435.0,P,2022-02-18,1,False,True,bear,2,0,False,1,1,1.04,0.84,208.0,-40.000000000000014,-19.23076923076924,19.833333333333332,True,1-2,12:00,Thursday,True,441.48,441.3028,above,0.04,bear,-0.026,0.423,0.077,159.9,-0.739,PDL,-0.109,-1.468,1.468
371,2022-02-17 13:32:25,2022-02-17 13:44:30,WMT,145.0,C,2022-02-18,1,False,False,bull,20,0,False,1,1,0.03,0.025,60.0,-9.999999999999998,-16.666666666666664,12.083333333333334,True,11+,13:30,Thursday,False,,,,,,,,,,,,,,
372,2022-02-17 14:06:09,2022-02-17 14:14:46,TSLA,825.0,P,2022-02-18,1,False,False,bear,1,0,False,1,1,2.01,1.48,200.99999999999997,-52.99999999999998,-26.368159203980092,8.616666666666667,True,1-2,14:00,Thursday,False,,,,,,,,,,,,,,
373,2022-02-18 09:46:26,2022-02-18 09:50:07,SPY,434.0,P,2022-02-18,0,True,True,bear,2,0,False,1,1,1.5,1.01,300.0,-98.0,-32.666666666666664,3.683333333333333,True,1-2,09:30,Friday,True,436.05,436.9175,below,-0.199,bear,-0.17,0.011,,16.4,0.089,PDL,-0.086,-0.47,0.47
374,2022-02-18 09:54:43,2022-02-18 10:02:19,SPY,444.0,C,2022-02-18,0,True,True,bull,10,0,False,1,2,0.23000000000000004,0.181,230.00000000000003,-49.00000000000004,-21.304347826086968,7.6,True,6-10,09:30,Friday,True,437.12,436.8831,above,0.054,bear,-0.153,0.636,,24.7,0.089,PDC,0.032,1.574,1.574
375,2022-02-18 10:29:34,2022-02-18 11:05:24,TSLA,835.0,P,2022-02-18,0,True,False,bear,1,0,False,1,1,3.5,5.5,350.0,200.0,57.14285714285714,35.833333333333336,True,1-2,10:00,Friday,False,,,,,,,,,,,,,,
376,2022-02-18 10:59:22,2022-02-18 11:05:32,SPY,430.0,P,2022-02-18,0,True,True,bear,1,0,False,1,1,0.35,0.72,35.0,37.0,105.71428571428574,6.166666666666667,True,1-2,10:30,Friday,True,435.765,437.1122,below,-0.308,bear,-0.16,0.152,-0.271,89.4,0.089,PDL,-0.151,-1.323,1.323
377,2022-02-18 11:31:07,2022-02-18 11:57:25,AAL,17.5,P,2022-02-25,7,False,False,bear,5,0,False,1,1,0.4,0.39,200.0,-4.999999999999982,-2.500000000000002,26.3,True,3-5,11:30,Friday,False,,,,,,,,,,,,,,
378,2022-02-18 11:51:00,2022-02-18 12:11:17,SPY,432.0,P,2022-02-18,0,True,True,bear,3,0,False,1,2,0.93,1.1366666666666667,279.0,62.000000000000014,22.22222222222221,20.283333333333335,True,3-5,11:30,Friday,True,434.41,436.2534,below,-0.423,bear,-0.158,0.154,-0.113,141.0,0.089,PDL,-0.462,-0.555,0.555
379,2022-02-18 12:12:31,2022-02-18 12:43:00,SPY,432.0,P,2022-02-18,0,True,True,bear,1,0,False,1,1,0.81,1.16,81.0,34.999999999999986,43.209876543209845,30.483333333333334,True,1-2,12:00,Friday,True,433.815,436.0913,below,-0.522,bear,-0.206,0.162,-0.314,162.5,0.089,PDL,-0.598,-0.418,0.418
380,2022-02-22 09:39:29,2022-02-22 09:53:17,SPY,429.0,P,2022-02-22,0,True,True,bear,2,1,True,2,1,1.52,0.73,304.0,-158.0,-51.973684210526315,13.8,True,1-2,09:30,Tuesday,True,430.92,431.4533,below,-0.124,bear,-0.148,0.056,,9.5,-0.511,PDL,-0.22,-0.446,0.446
381,2022-02-22 10:32:28,2022-02-22 10:41:48,QQQ,347.0,C,2022-02-22,0,True,False,bull,5,0,False,1,1,0.4699999999999999,0.22000000000000003,234.99999999999997,-124.99999999999996,-53.19148936170212,9.333333333333334,True,3-5,10:30,Tuesday,False,,,,,,,,,,,,,,
382,2022-02-22 10:51:04,2022-02-22 11:26:50,TSLA,750.0,P,2022-02-25,3,False,False,bear,1,0,False,1,1,2.66,4.07,266.0,141.0,53.00751879699248,35.766666666666666,True,1-2,10:30,Tuesday,False,,,,,,,,,,,,,,
383,2022-02-22 13:40:01,2022-02-22 14:07:01,SPY,425.0,P,2022-02-22,0,True,True,bear,10,0,False,1,3,0.5,0.748,500.0,247.99999999999994,49.6,27.0,True,6-10,13:30,Tuesday,True,428.45,431.4501,below,-0.695,bear,-0.184,0.022,-0.258,250.0,-0.511,PDL,-0.792,-0.805,0.805
384,2022-02-23 09:44:20,2022-02-23 09:48:37,FB,215.0,C,2022-02-25,2,False,False,bull,1,0,False,1,1,0.6,0.48,60.0,-12.0,-19.999999999999996,4.283333333333333,True,1-2,09:30,Wednesday,False,,,,,,,,,,,,,,
385,2022-02-23 09:51:43,2022-02-23 10:08:28,NVDA,227.5,P,2022-02-25,2,False,False,bear,1,0,False,1,1,2.4,3.4,240.0,100.0,41.66666666666667,16.75,True,1-2,09:30,Wednesday,False,,,,,,,,,,,,,,
386,2022-02-23 10:12:28,2022-02-23 10:26:31,SPXW,4250.0,P,2022-02-23,0,True,True,bear,1,0,False,1,1,3.8,6.0,380.0,220.00000000000003,57.89473684210527,14.05,True,1-2,10:00,Wednesday,True,429.87,432.0739,below,-0.51,bull,0.041,0.09,-0.716,42.5,0.701,PDC,0.068,-1.133,1.133
387,2022-02-23 11:27:18,2022-02-23 11:51:59,SPY,433.0,C,2022-02-23,0,True,True,bull,10,0,False,1,1,0.26,0.3,260.0,39.99999999999999,15.384615384615374,24.683333333333334,True,6-10,11:00,Wednesday,True,427.14,430.0559,below,-0.678,bear,-0.231,0.077,-0.245,117.3,0.701,PDL,0.291,1.372,1.372
388,2022-02-24 09:47:57,2022-02-24 09:49:01,TSLA,660.0,P,2022-02-25,1,False,False,bear,1,0,False,1,1,3.15,2.67,315.0,-48.0,-15.238095238095239,1.0666666666666667,True,1-2,09:30,Thursday,False,,,,,,,,,,,,,,
389,2022-02-24 09:50:04,2022-02-24 10:05:07,TSLA,805.0,C,2022-02-25,1,False,False,bull,1,0,False,1,1,3.1,2.25,310.0,-85.00000000000001,-27.419354838709676,15.05,True,1-2,09:30,Thursday,False,,,,,,,,,,,,,,
390,2022-02-24 10:09:02,2022-02-24 10:16:30,TSLA,800.0,C,2022-02-25,1,False,False,bull,1,0,False,1,1,3.26,5.35,326.0,209.0,64.11042944785277,7.466666666666667,True,1-2,10:00,Thursday,False,,,,,,,,,,,,,,
391,2022-02-24 10:20:31,2022-02-24 11:03:58,TSLA,825.0,C,2022-02-25,1,False,False,bull,1,0,False,1,1,3.35,1.41,335.0,-194.00000000000003,-57.91044776119403,43.45,True,1-2,10:00,Thursday,False,,,,,,,,,,,,,,
392,2022-02-24 10:25:57,2022-02-24 10:30:28,NVDA,210.0,P,2022-02-25,1,False,False,bear,1,0,False,1,1,1.55,1.84,155.0,29.000000000000004,18.709677419354833,4.516666666666667,True,1-2,10:00,Thursday,False,,,,,,,,,,,,,,
393,2022-02-24 10:32:00,2022-02-24 10:49:25,SPY,404.0,P,2022-02-25,1,False,True,bear,2,0,False,1,1,1.36,1.02,272.0,-68.00000000000001,-25.0,17.416666666666668,True,1-2,10:30,Thursday,True,415.44,414.2952,above,0.276,bear,-0.439,0.642,-0.079,62.0,-2.606,PDL,-1.407,-2.754,2.754
394,2022-02-24 11:01:37,2022-02-24 11:03:53,SPY,431.0,C,2022-02-25,1,False,True,bull,10,0,False,1,1,0.29,0.2,290.0,-89.99999999999999,-31.034482758620683,2.2666666666666666,True,6-10,11:00,Thursday,True,417.0,414.5921,above,0.581,bear,-0.173,0.851,0.376,91.6,-2.606,PDL,-1.037,3.357,3.357
395,2022-02-24 11:12:24,2022-02-24 11:27:46,SPY,431.0,C,2022-02-25,1,False,True,bull,10,0,False,1,1,0.29,0.23000000000000004,290.0,-59.999999999999964,-20.68965517241378,15.366666666666667,True,6-10,11:00,Thursday,True,418.155,414.7588,above,0.819,bear,-0.089,0.966,0.61,102.4,-2.606,PDL,-0.763,3.072,3.072
396,2022-02-24 11:31:26,2022-02-28 09:39:46,TSLA,900.0,C,2022-03-04,8,False,False,bull,1,0,False,1,1,2.0,3.65,200.0,165.0,82.5,5648.333333333333,True,1-2,11:30,Thursday,False,,,,,,,,,,,,,,
397,2022-02-24 12:19:07,2022-02-24 15:51:51,SPY,430.0,C,2022-02-28,4,False,True,bull,1,0,False,1,1,0.8,3.25,80.0,245.00000000000003,306.25,212.73333333333332,True,1-2,12:00,Thursday,True,416.22,415.5358,above,0.165,bear,-0.016,0.635,-0.079,169.1,-2.606,PDL,-1.222,3.311,3.311
398,2022-02-24 12:35:06,2022-02-24 12:38:11,AMD,104.0,P,2022-02-25,1,False,False,bear,1,0,False,1,1,0.76,0.62,76.0,-14.000000000000002,-18.42105263157895,3.0833333333333335,True,1-2,12:30,Thursday,False,,,,,,,,,,,,,,
399,2022-02-24 15:10:00,2022-02-25 09:38:57,SPY,439.0,C,2022-02-25,1,False,True,bull,1,0,False,1,1,0.09,0.13,9.0,4.000000000000001,44.444444444444464,1108.95,True,1-2,15:00,Thursday,True,424.24,417.5409,above,1.604,bull,0.449,0.965,0.224,340.0,-2.606,PDC,0.519,3.479,3.479
400,2022-02-25 09:39:00,2022-02-25 09:49:28,QQQ,332.0,P,2022-02-25,0,True,False,bear,5,0,False,1,1,0.43,0.27,215.0,-79.99999999999999,-37.2093023255814,10.466666666666667,True,3-5,09:30,Friday,False,,,,,,,,,,,,,,
401,2022-02-25 09:40:31,2022-02-25 09:47:57,TSLA,750.0,P,2022-02-25,0,True,False,bear,1,0,False,1,1,1.5,1.23,150.0,-27.0,-18.000000000000004,7.433333333333334,True,1-2,09:30,Friday,False,,,,,,,,,,,,,,
402,2022-02-25 09:50:38,2022-02-25 15:34:05,TSLA,820.0,C,2022-02-25,0,True,False,bull,2,1,True,2,1,3.13,0.06,626.0,-614.0,-98.08306709265176,343.45,True,1-2,09:30,Friday,False,,,,,,,,,,,,,,
403,2022-02-25 12:02:56,2022-02-25 12:06:26,SPXW,4430.0,C,2022-02-25,0,True,True,bull,1,0,False,1,1,0.8,0.4,80.0,-40.0,-50.0,3.5,True,1-2,12:00,Friday,True,436.73,432.0331,above,1.087,bull,0.404,0.993,0.352,152.9,0.297,PDH,1.871,1.436,1.436
404,2022-02-28 09:46:19,2022-02-28 10:19:15,SPXW,4425.0,C,2022-02-28,0,True,True,bull,1,0,False,1,1,2.95,1.25,295.0,-170.00000000000003,-57.6271186440678,32.93333333333333,True,1-2,09:30,Monday,True,433.46,433.0179,above,0.102,bear,-0.175,0.696,,16.3,-1.293,PDC,-0.957,2.086,2.086
405,2022-02-28 09:53:46,2022-02-28 10:20:19,SPY,441.0,C,2022-02-28,0,True,True,bull,1,0,False,1,1,0.42,0.21,42.0,-21.0,-50.0,26.55,True,1-2,09:30,Monday,True,433.505,433.0939,above,0.095,bear,-0.205,0.717,,23.8,-1.293,PDC,-0.947,1.729,1.729
406,2022-03-01 11:16:01,2022-03-02 10:13:50,TSLA,955.0,C,2022-03-04,3,False,False,bull,1,0,False,1,1,3.0,0.94,300.0,-206.0,-68.66666666666667,1377.8166666666666,True,1-2,11:00,Tuesday,False,,,,,,,,,,,,,,
407,2022-03-01 11:37:32,2022-03-01 11:46:31,SPY,443.0,C,2022-03-02,1,False,True,bull,3,0,False,1,1,0.36999999999999994,0.3,110.99999999999999,-20.999999999999996,-18.918918918918905,8.983333333333333,True,3-5,11:30,Tuesday,True,431.28,434.094,below,-0.648,bear,-0.136,0.008,-0.547,127.5,-0.321,PDL,0.135,2.717,2.717
408,2022-03-02 09:49:54,2022-03-02 09:56:05,SPY,436.0,C,2022-03-02,0,True,True,bull,1,0,False,1,1,1.62,1.43,162.0,-19.000000000000018,-11.728395061728403,6.183333333333334,True,1-2,09:30,Wednesday,True,433.84,432.7189,above,0.259,bull,0.172,0.899,,19.9,0.572,PDH,-0.757,0.498,0.498
409,2022-03-02 10:14:31,2022-03-02 10:20:31,QQQ,333.0,P,2022-03-02,0,True,False,bear,1,0,False,1,1,0.32,0.24,32.0,-8.000000000000002,-25.0,6.0,True,1-2,10:00,Wednesday,False,,,,,,,,,,,,,,
410,2022-03-03 10:13:54,2022-03-03 10:33:06,QQQ,339.0,P,2022-03-04,1,False,False,bear,1,0,False,1,1,1.04,1.28,104.0,24.0,23.076923076923084,19.2,True,1-2,10:00,Thursday,False,,,,,,,,,,,,,,
411,2022-03-03 10:21:47,2022-03-03 11:20:18,SPY,430.0,P,2022-03-04,1,False,True,bear,1,0,False,1,1,1.17,1.74,117.0,57.00000000000001,48.71794871794872,58.516666666666666,True,1-2,10:00,Thursday,True,438.37,439.6273,below,-0.286,bull,0.009,0.1,-0.239,51.8,0.596,PDC,0.132,-1.909,1.909
412,2022-03-04 09:32:11,2022-03-04 10:58:53,SPXW,4390.0,C,2022-03-04,0,True,True,bull,1,0,False,1,1,2.8,0.5,280.0,-229.99999999999997,-82.14285714285714,86.7,True,1-2,09:30,Friday,False,,,,,,,,,,,,,,
413,2022-03-04 11:01:47,2022-03-04 11:40:28,TSLA,790.0,P,2022-03-04,0,True,False,bear,1,0,False,1,1,0.45,0.26,45.0,-19.0,-42.222222222222214,38.68333333333333,True,1-2,11:00,Friday,False,,,,,,,,,,,,,,
414,2022-03-07 09:49:51,2022-03-07 10:00:19,QQQ,330.0,P,2022-03-07,0,True,False,bear,2,0,False,1,1,0.79,0.97,158.0,35.999999999999986,22.784810126582265,10.466666666666667,True,1-2,09:30,Monday,False,,,,,,,,,,,,,,
415,2022-03-07 10:13:20,2022-03-07 10:55:13,SPY,423.0,P,2022-03-07,0,True,True,bear,2,0,False,1,1,0.74,1.15,148.0,81.99999999999999,55.405405405405396,41.88333333333333,True,1-2,10:00,Monday,True,428.31,429.4161,below,-0.258,bear,-0.187,0.194,-0.442,43.3,-0.148,PDL,0.084,-1.24,1.24
416,2022-03-07 12:04:00,2022-03-07 13:20:56,SPY,430.0,C,2022-03-07,0,True,True,bull,10,0,False,1,1,0.22000000000000003,0.14,220.00000000000003,-80.0,-36.36363636363637,76.93333333333334,True,6-10,12:00,Monday,True,424.155,426.9131,below,-0.646,bear,-0.214,0.01,-0.522,154.0,-0.148,PDL,-0.887,1.378,1.378
417,2022-03-07 13:25:32,2022-03-07 15:54:39,TSLA,715.0,P,2022-03-11,4,False,False,bear,1,0,False,1,1,2.87,3.1,287.0,23.0,8.013937282229966,149.11666666666667,True,1-2,13:00,Monday,False,,,,,,,,,,,,,,
418,2022-03-08 09:31:10,2022-03-08 10:01:11,SPY,427.0,C,2022-03-09,1,False,True,bull,1,0,False,1,1,1.45,0.99,145.0,-46.0,-31.72413793103448,30.016666666666666,True,1-2,09:30,Tuesday,False,,,,,,,,,,,,,,
419,2022-03-08 09:34:24,2022-03-08 09:41:57,QQQ,330.0,C,2022-03-09,1,False,False,bull,1,0,False,1,1,1.36,1.46,136.0,9.999999999999986,7.352941176470584,7.55,True,1-2,09:30,Tuesday,False,,,,,,,,,,,,,,
420,2022-03-08 11:03:18,2022-03-08 11:34:17,SPY,410.0,P,2022-03-09,1,False,True,bear,1,0,False,1,1,1.21,1.93,121.0,72.0,59.50413223140496,30.983333333333334,True,1-2,11:00,Tuesday,True,419.29,418.0305,above,0.301,bear,-0.123,0.671,0.701,93.3,0.045,PDL,-0.024,-2.216,2.216
421,2022-03-08 11:48:47,2022-03-08 12:03:55,SPY,412.0,P,2022-03-09,1,False,True,bear,1,0,False,1,1,1.78,1.19,178.0,-59.00000000000001,-33.14606741573034,15.133333333333333,True,1-2,11:30,Tuesday,True,415.95,417.8315,below,-0.45,bear,-0.197,0.13,-0.543,138.8,0.045,PDL,-0.82,-0.95,0.95
422,2022-03-08 12:11:21,2022-03-08 12:17:34,SPY,425.0,C,2022-03-09,1,False,True,bull,1,0,False,1,1,1.83,2.89,183.0,106.0,57.92349726775956,6.216666666666667,True,1-2,12:00,Tuesday,True,420.64,417.9777,above,0.637,bull,0.097,0.912,1.154,161.3,0.045,PDC,0.279,1.037,1.037
423,2022-03-08 12:19:04,2022-03-08 12:20:32,SPY,427.0,C,2022-03-09,1,False,True,bull,1,0,False,1,1,2.43,2.32,243.00000000000003,-11.000000000000032,-4.526748971193428,1.4666666666666666,True,1-2,12:00,Tuesday,True,422.97,418.2391,above,1.131,bull,0.228,0.999,1.688,169.1,0.045,PDC,0.834,0.953,0.953
424,2022-03-08 13:02:30,2022-03-08 13:30:48,SPY,419.0,P,2022-03-09,1,False,True,bear,1,0,False,1,1,1.31,2.17,131.0,85.99999999999999,65.64885496183206,28.3,True,1-2,13:00,Tuesday,True,425.175,420.0277,above,1.225,bull,0.534,0.966,0.317,212.5,0.045,PDC,1.36,-1.452,1.452
425,2022-03-09 09:36:52,2022-03-09 10:01:25,AMD,104.0,P,2022-03-11,2,False,False,bear,1,0,False,1,1,1.29,1.02,129.0,-27.0,-20.93023255813954,24.55,True,1-2,09:30,Wednesday,False,,,,,,,,,,,,,,
426,2022-03-09 10:09:11,2022-03-09 10:18:37,QQQ,335.0,C,2022-03-09,0,True,False,bull,5,0,False,1,1,0.95,1.13,475.0,89.99999999999994,18.947368421052623,9.433333333333334,True,3-5,10:00,Wednesday,False,,,,,,,,,,,,,,
427,2022-03-09 10:21:04,2022-03-09 10:24:57,QQQ,336.0,C,2022-03-09,0,True,False,bull,4,0,False,1,1,0.67,0.87,268.0,79.99999999999999,29.850746268656714,3.8833333333333333,True,3-5,10:00,Wednesday,False,,,,,,,,,,,,,,
428,2022-03-09 10:32:46,2022-03-09 11:35:13,QQQ,330.0,P,2022-03-09,0,True,False,bear,2,0,False,1,1,1.36,0.94,272.0,-84.00000000000003,-30.88235294117648,62.45,True,1-2,10:30,Wednesday,False,,,,,,,,,,,,,,
429,2022-03-09 10:48:30,2022-03-09 11:03:55,SPY,422.0,P,2022-03-09,0,True,True,bear,1,0,False,1,1,0.98,0.93,98.0,-4.999999999999993,-5.102040816326525,15.416666666666666,True,1-2,10:30,Wednesday,True,425.655,425.0468,above,0.143,bull,0.34,0.797,-0.025,78.5,2.123,PDH,-0.362,-0.859,0.859
430,2022-03-09 14:12:54,2022-03-09 15:21:13,QQQ,319.0,P,2022-03-11,2,False,False,bear,1,0,False,1,1,0.65,0.48,65.0,-17.000000000000004,-26.15384615384616,68.31666666666666,True,1-2,14:00,Wednesday,False,,,,,,,,,,,,,,
431,2022-03-10 09:44:48,2022-03-10 09:51:18,BAC,41.5,C,2022-03-11,1,False,False,bull,3,0,False,1,1,0.33,0.27,99.0,-17.999999999999993,-18.181818181818176,6.5,True,3-5,09:30,Thursday,False,,,,,,,,,,,,,,
432,2022-03-10 11:43:19,2022-03-10 11:51:23,QQQ,322.0,P,2022-03-11,1,False,False,bear,2,0,False,1,1,1.31,1.17,262.0,-28.000000000000025,-10.687022900763365,8.066666666666666,True,1-2,11:30,Thursday,False,,,,,,,,,,,,,,
433,2022-03-10 11:52:20,2022-03-10 12:33:31,QQQ,332.0,C,2022-03-11,1,False,False,bull,2,0,False,1,1,1.36,1.39,272.0,5.999999999999961,2.2058823529411686,41.18333333333333,True,1-2,11:30,Thursday,False,,,,,,,,,,,,,,
434,2022-03-10 13:19:13,2022-03-10 13:56:01,QQQ,330.0,C,2022-03-11,1,False,False,bull,1,0,False,1,1,2.07,2.68,206.99999999999997,61.00000000000003,29.468599033816446,36.8,True,1-2,13:00,Thursday,False,,,,,,,,,,,,,,
435,2022-03-10 14:05:27,2022-03-10 14:17:54,QQQ,330.0,P,2022-03-11,1,False,False,bear,1,0,False,1,1,2.03,2.32,202.99999999999997,29.000000000000004,14.28571428571428,12.45,True,1-2,14:00,Thursday,False,,,,,,,,,,,,,,
436,2022-03-10 14:27:34,2022-03-10 15:06:16,TSLA,870.0,C,2022-03-11,1,False,False,bull,2,0,False,1,1,1.49,1.18,298.0,-62.000000000000014,-20.805369127516784,38.7,True,1-2,14:00,Thursday,False,,,,,,,,,,,,,,
437,2022-03-11 09:46:38,2022-03-11 09:48:43,F,16.5,C,2022-03-11,0,True,False,bull,10,0,False,1,1,0.12,0.09,120.0,-30.000000000000004,-25.0,2.0833333333333335,True,6-10,09:30,Friday,False,,,,,,,,,,,,,,
438,2022-03-11 09:49:42,2022-03-11 10:11:13,SPY,425.0,P,2022-03-11,0,True,True,bear,4,0,False,1,2,0.985,1.6549999999999998,394.0,267.99999999999994,68.0203045685279,21.516666666666666,True,3-5,09:30,Friday,True,427.825,428.0663,below,-0.056,bull,0.25,0.454,,19.7,0.628,PDH,0.331,-0.66,0.66
439,2022-03-11 09:54:36,2022-03-11 10:28:11,QQQ,328.0,P,2022-03-11,0,True,False,bear,4,0,False,1,2,0.78,1.035,312.0,101.99999999999996,32.692307692307686,33.583333333333336,True,3-5,09:30,Friday,False,,,,,,,,,,,,,,
440,2022-03-11 10:17:12,2022-03-11 10:29:23,AAPL,155.0,P,2022-03-11,0,True,False,bear,4,0,False,1,1,0.38,0.26,152.0,-48.0,-31.57894736842105,12.183333333333334,True,3-5,10:00,Friday,False,,,,,,,,,,,,,,
441,2022-03-11 10:28:46,2022-03-11 11:06:18,TSLA,840.0,C,2022-03-11,0,True,False,bull,1,0,False,1,1,2.0,1.1,200.0,-89.99999999999999,-44.99999999999999,37.53333333333333,True,1-2,10:00,Friday,False,,,,,,,,,,,,,,
442,2022-03-11 10:43:36,2022-03-11 11:07:00,QQQ,335.0,C,2022-03-11,0,True,False,bull,5,0,False,1,1,0.3,0.16,150.0,-70.0,-46.666666666666664,23.4,True,3-5,10:30,Friday,False,,,,,,,,,,,,,,
443,2022-03-14 09:36:06,2022-03-14 10:08:32,QQQ,315.0,P,2022-03-14,0,True,False,bear,5,0,False,1,1,0.44000000000000006,0.14,220.00000000000003,-150.0,-68.18181818181819,32.43333333333333,True,3-5,09:30,Monday,False,,,,,,,,,,,,,,
444,2022-03-14 09:58:00,2022-03-14 10:08:21,SPY,415.0,P,2022-03-14,0,True,True,bear,5,0,False,1,1,0.54,0.31,270.0,-115.00000000000001,-42.592592592592595,10.35,True,3-5,09:30,Monday,True,421.47,420.7902,above,0.162,bear,-0.16,0.827,,28.0,0.209,PDC,0.333,-1.535,1.535
445,2022-03-14 10:40:26,2022-03-14 11:13:24,SPXW,4275.0,C,2022-03-14,0,True,True,bull,1,0,False,1,1,3.1,2.1,310.0,-100.0,-32.258064516129025,32.96666666666667,True,1-2,10:30,Monday,True,422.9,421.4931,above,0.334,bull,0.073,0.871,0.144,70.4,0.209,PDC,0.674,1.088,1.088
446,2022-03-14 11:20:26,2022-03-14 11:43:42,SPXW,4195.0,P,2022-03-14,0,True,True,bear,1,0,False,1,1,4.9,9.9,490.00000000000006,500.0,102.04081632653059,23.266666666666666,True,1-2,11:00,Monday,True,423.165,421.9048,above,0.299,bull,0.107,0.748,0.013,110.4,0.209,PDC,0.737,-0.866,0.866
447,2022-03-14 11:46:09,2022-03-14 12:22:19,SPXW,4150.0,P,2022-03-14,0,True,True,bear,1,0,False,1,1,1.45,2.35,145.0,90.00000000000001,62.068965517241395,36.166666666666664,True,1-2,11:30,Monday,True,420.78,421.9036,below,-0.266,bear,-0.076,0.301,-0.541,136.2,0.209,PDC,0.169,-1.374,1.374
448,2022-03-14 12:25:53,2022-03-14 12:31:31,SPY,414.0,P,2022-03-14,0,True,True,bear,1,0,False,1,1,0.21,0.17,21.0,-3.9999999999999982,-19.047619047619037,5.633333333333334,True,1-2,12:00,Monday,True,419.75,421.4604,below,-0.406,bear,-0.24,0.156,-0.193,175.9,0.209,PDL,0.048,-1.37,1.37
449,2022-03-15 10:21:39,2022-03-15 10:26:04,SPXW,4320.0,C,2022-03-16,1,False,True,bull,1,0,False,1,1,4.8,5.0,480.0,20.000000000000018,4.166666666666674,4.416666666666667,True,1-2,10:00,Tuesday,True,420.06,419.8928,above,0.04,bull,0.214,0.565,0.212,51.6,0.672,PDC,0.748,2.842,2.842
450,2022-03-15 10:28:01,2022-03-15 10:31:29,TSLA,830.0,C,2022-03-18,3,False,False,bull,1,0,False,1,1,5.33,6.4,533.0,107.00000000000003,20.075046904315208,3.466666666666667,True,1-2,10:00,Tuesday,False,,,,,,,,,,,,,,
451,2022-03-15 11:46:27,2022-03-15 12:08:24,TSLA,725.0,P,2022-03-18,3,False,False,bear,1,0,False,1,1,4.0,4.1,400.0,9.999999999999964,2.499999999999991,21.95,True,1-2,11:30,Tuesday,False,,,,,,,,,,,,,,
452,2022-03-15 12:15:52,2022-03-15 12:54:30,QQQ,333.0,C,2022-03-18,3,False,False,bull,1,0,False,1,1,2.4,2.07,240.0,-33.00000000000001,-13.750000000000007,38.63333333333333,True,1-2,12:00,Tuesday,False,,,,,,,,,,,,,,
453,2022-03-16 09:37:01,2022-03-16 09:47:14,AMD,110.0,P,2022-03-18,2,False,False,bear,1,0,False,1,1,1.82,1.37,182.0,-44.99999999999999,-24.725274725274726,10.216666666666667,True,1-2,09:30,Wednesday,False,,,,,,,,,,,,,,
454,2022-03-16 09:38:28,2022-03-16 09:48:58,NIO,16.5,P,2022-03-18,2,False,False,bear,4,0,False,1,1,0.5,0.51,200.0,4.0000000000000036,2.0000000000000018,10.5,True,3-5,09:30,Wednesday,False,,,,,,,,,,,,,,
455,2022-03-16 09:54:59,2022-03-16 10:14:45,SPY,425.0,P,2022-03-16,0,True,True,bear,6,0,False,1,1,0.66,0.54,396.0,-71.99999999999997,-18.181818181818176,19.766666666666666,True,6-10,09:30,Wednesday,True,432.31,431.2531,above,0.245,bull,0.606,0.888,,25.0,0.873,PDH,1.283,-1.691,1.691
456,2022-03-16 10:16:49,2022-03-16 10:18:10,SPXW,4400.0,C,2022-03-16,0,True,True,bull,1,0,False,1,1,2.9,3.9,290.0,100.0,34.48275862068966,1.35,True,1-2,10:00,Wednesday,True,431.97,431.3741,above,0.138,bull,0.523,0.768,-0.037,46.8,0.873,PDH,1.203,1.859,1.859
457,2022-03-16 10:35:43,2022-03-16 10:42:55,SPXW,4400.0,C,2022-03-16,0,True,True,bull,1,0,False,1,1,3.3,2.25,330.0,-104.99999999999999,-31.818181818181813,7.2,True,1-2,10:30,Wednesday,True,433.94,432.3115,above,0.377,bull,0.561,0.888,0.577,65.7,0.873,PDH,1.665,1.397,1.397
458,2022-03-16 10:43:18,2022-03-16 11:00:39,SPXW,4245.0,P,2022-03-16,0,True,True,bear,1,0,False,1,1,3.7,2.15,370.0,-155.00000000000003,-41.891891891891895,17.35,True,1-2,10:30,Wednesday,True,433.685,432.3391,above,0.311,bull,0.537,0.834,0.649,73.3,0.873,PDH,1.605,-2.118,2.118
459,2022-03-17 09:39:24,2022-03-17 09:45:24,SPY,420.0,P,2022-03-18,1,False,True,bear,5,0,False,1,1,0.45,0.35,225.0,-50.0,-22.222222222222232,6.0,True,3-5,09:30,Thursday,True,434.06,433.8367,above,0.051,bull,0.353,0.825,,9.4,-0.45,PDH,-0.37,-3.239,3.239
460,2022-03-17 09:39:28,2022-03-17 09:45:20,QQQ,327.0,P,2022-03-18,1,False,False,bear,4,0,False,1,1,0.48,0.35,192.0,-52.0,-27.083333333333336,5.866666666666666,True,3-5,09:30,Thursday,False,,,,,,,,,,,,,,
461,2022-03-17 10:17:08,2022-03-17 10:24:26,SPX,4280.0,P,2022-03-18,1,False,True,bear,1,0,False,1,1,3.4,3.0,340.0,-39.99999999999999,-11.764705882352944,7.3,True,1-2,10:00,Thursday,True,436.18,434.8608,above,0.303,bull,0.376,0.801,0.391,47.1,-0.45,PDH,0.117,-1.875,1.875
462,2022-03-17 10:28:31,2022-03-17 10:47:59,SPX,4455.0,C,2022-03-18,1,False,True,bull,2,0,False,1,1,1.8,0.95,360.0,-170.00000000000003,-47.22222222222222,19.466666666666665,True,1-2,10:00,Thursday,True,436.61,435.0113,above,0.368,bull,0.348,0.916,0.4,58.5,-0.45,PDH,0.216,2.036,2.036
463,2022-03-17 11:03:42,2022-03-17 11:25:04,SPX,4270.0,P,2022-03-18,1,False,True,bear,1,0,False,1,1,3.6,2.2,360.0,-140.0,-38.888888888888886,21.366666666666667,True,1-2,11:00,Thursday,True,434.78,435.0258,below,-0.057,bull,0.088,0.423,-0.367,93.7,-0.45,PDH,-0.204,-1.789,1.789
464,2022-03-18 09:36:49,2022-03-18 10:07:39,TSLA,900.0,C,2022-03-18,0,True,False,bull,1,0,False,1,1,2.67,7.0,267.0,433.0,162.17228464419478,30.833333333333332,True,1-2,09:30,Friday,False,,,,,,,,,,,,,,
465,2022-03-18 10:22:52,2022-03-18 10:31:35,SPY,442.0,C,2022-03-18,0,True,True,bull,2,0,False,1,1,0.55,0.6,110.00000000000001,9.999999999999986,9.090909090909083,8.716666666666667,True,1-2,10:00,Friday,True,439.58,438.5761,above,0.229,bull,0.051,0.646,0.191,52.9,-0.682,PDH,-0.333,0.551,0.551
466,2022-03-18 10:23:09,2022-03-18 10:38:40,AMD,115.0,C,2022-03-18,0,True,False,bull,5,0,False,1,1,0.38,0.15,190.0,-114.99999999999999,-60.526315789473685,15.516666666666667,True,3-5,10:00,Friday,False,,,,,,,,,,,,,,
467,2022-03-18 10:54:39,2022-03-18 11:02:51,XOM,79.0,C,2022-03-18,0,True,False,bull,4,0,False,1,1,0.26,0.18,104.0,-32.00000000000001,-30.76923076923077,8.2,True,3-5,10:30,Friday,False,,,,,,,,,,,,,,
468,2022-03-18 11:13:42,2022-03-18 11:27:28,SPXW,4475.0,C,2022-03-18,0,True,True,bull,1,0,False,1,1,0.4,0.2,40.0,-20.0,-50.0,13.766666666666667,True,1-2,11:00,Friday,True,440.225,438.8706,above,0.309,bull,0.048,0.823,0.318,103.7,-0.682,PDH,-0.187,1.653,1.653
469,2022-03-18 11:35:13,2022-03-18 13:05:36,TSLA,930.0,C,2022-03-18,0,True,False,bull,1,0,False,1,1,0.5,0.16,50.0,-34.0,-68.0,90.38333333333334,True,1-2,11:30,Friday,False,,,,,,,,,,,,,,
470,2022-03-21 09:48:16,2022-03-21 09:52:45,QQQ,355.0,C,2022-03-21,0,True,False,bull,5,0,False,1,1,0.4,0.24,200.0,-80.0,-40.0,4.483333333333333,True,3-5,09:30,Monday,False,,,,,,,,,,,,,,
471,2022-03-21 10:05:22,2022-03-21 10:55:50,SPXW,4400.0,P,2022-03-21,0,True,True,bear,2,1,True,2,1,2.325,0.85,465.00000000000006,-295.0,-63.440860215053775,50.46666666666667,True,1-2,10:00,Monday,True,443.58,445.2878,below,-0.384,bull,0.076,0.0,-0.499,35.4,0.072,PDC,-0.173,-0.807,0.807
472,2022-03-21 10:18:17,2022-03-21 10:47:42,TSLA,800.0,P,2022-03-25,4,False,False,bear,1,0,False,1,1,2.04,1.58,204.0,-46.0,-22.549019607843135,29.416666666666668,True,1-2,10:00,Monday,False,,,,,,,,,,,,,,
473,2022-03-21 10:57:56,2022-03-21 11:49:38,SPXW,4500.0,C,2022-03-21,0,True,True,bull,1,0,False,1,1,2.05,1.4,204.99999999999997,-64.99999999999999,-31.707317073170728,51.7,True,1-2,10:30,Monday,True,444.44,444.4701,below,-0.007,bull,0.006,0.451,0.237,87.9,0.072,PDC,0.02,1.251,1.251
474,2022-03-22 11:02:17,2022-03-22 11:11:12,SPXW,4400.0,P,2022-03-23,1,False,True,bear,2,0,False,1,1,2.8,2.3,560.0,-100.0,-17.85714285714286,8.916666666666666,True,1-2,11:00,Tuesday,True,448.77,447.8966,above,0.195,bull,0.28,0.82,0.046,92.3,0.362,PDH,0.517,-1.954,1.954
475,2022-03-22 11:12:33,2022-03-22 11:34:13,SPY,454.0,C,2022-03-23,1,False,True,bull,4,0,False,1,1,0.52,0.41,208.0,-44.000000000000014,-21.153846153846157,21.666666666666668,True,3-5,11:00,Tuesday,True,448.99,447.9364,above,0.235,bull,0.241,0.884,0.02,102.5,0.362,PDH,0.567,1.116,1.116
476,2022-03-23 09:41:17,2022-03-23 10:43:51,TSLA,1150.0,C,2022-03-25,2,False,False,bull,1,0,False,1,1,1.94,3.05,194.0,110.99999999999999,57.21649484536082,62.56666666666667,True,1-2,09:30,Wednesday,False,,,,,,,,,,,,,,
477,2022-03-23 09:58:37,2022-03-23 10:45:06,SPXW,4530.0,C,2022-03-23,0,True,True,bull,1,0,False,1,1,1.55,1.0,155.0,-55.00000000000001,-35.483870967741936,46.483333333333334,True,1-2,09:30,Wednesday,True,446.28,446.4504,below,-0.038,bear,-0.22,0.373,,28.6,-0.607,PDL,0.076,1.506,1.506
478,2022-03-23 11:45:07,2022-03-23 12:07:44,SPY,450.0,C,2022-03-23,0,True,True,bull,5,0,False,1,1,0.3,0.18,150.0,-60.00000000000001,-40.0,22.616666666666667,True,3-5,11:30,Wednesday,True,447.75,446.9328,above,0.183,bull,0.018,0.834,0.013,135.1,-0.607,PDL,0.406,0.503,0.503
479,2022-03-23 12:27:26,2022-03-23 12:44:27,SPXW,4525.0,C,2022-03-23,0,True,True,bull,1,0,False,1,1,0.7,0.3,70.0,-40.0,-57.14285714285714,17.016666666666666,True,1-2,12:00,Wednesday,True,447.14,447.0506,above,0.02,bear,-0.029,0.524,-0.123,177.4,-0.607,PDL,0.269,1.199,1.199
480,2022-03-24 09:44:20,2022-03-24 10:20:39,MSFT,302.5,C,2022-03-25,1,False,False,bull,1,0,False,1,1,1.39,0.9,139.0,-48.999999999999986,-35.25179856115107,36.31666666666667,True,1-2,09:30,Thursday,False,,,,,,,,,,,,,,
481,2022-03-24 09:56:48,2022-03-24 10:16:33,QQQ,359.0,C,2022-03-25,1,False,False,bull,2,0,False,1,1,0.84,0.66,168.0,-35.999999999999986,-21.42857142857142,19.75,True,1-2,09:30,Thursday,False,,,,,,,,,,,,,,
482,2022-03-24 10:30:55,2022-03-24 10:36:06,TSLA,930.0,P,2022-03-25,1,False,False,bear,1,0,False,1,1,2.13,1.23,213.0,-89.99999999999999,-42.25352112676056,5.183333333333334,True,1-2,10:30,Thursday,False,,,,,,,,,,,,,,
483,2022-03-24 10:46:16,2022-03-24 12:03:12,TSLA,1120.0,C,2022-03-25,1,False,False,bull,1,0,False,1,1,1.07,0.66,107.0,-41.0,-38.3177570093458,76.93333333333334,True,1-2,10:30,Thursday,False,,,,,,,,,,,,,,
484,2022-03-25 10:18:21,2022-03-25 10:20:13,NVDA,270.0,P,2022-03-25,0,True,False,bear,2,0,False,1,1,0.58,0.35,115.99999999999999,-46.0,-39.6551724137931,1.8666666666666667,True,1-2,10:00,Friday,False,,,,,,,,,,,,,,
485,2022-03-25 10:29:34,2022-03-25 10:54:10,QQQ,363.0,C,2022-03-25,0,True,False,bull,6,0,False,1,1,0.3,0.24,179.99999999999997,-35.999999999999986,-19.999999999999996,24.6,True,6-10,10:00,Friday,False,,,,,,,,,,,,,,
486,2022-03-25 11:44:19,2022-03-25 12:21:37,SPY,447.0,P,2022-03-25,0,True,True,bear,2,0,False,1,1,0.4,0.23,80.0,-34.0,-42.50000000000001,37.3,True,1-2,11:30,Friday,True,449.4,450.9026,below,-0.333,bear,-0.131,0.211,-0.264,134.3,0.157,PDC,-0.226,-0.534,0.534
487,2022-03-28 09:39:52,2022-03-28 10:15:46,NVDA,300.0,C,2022-04-01,4,False,False,bull,1,0,False,1,1,2.05,1.48,204.99999999999997,-56.999999999999986,-27.80487804878048,35.9,True,1-2,09:30,Monday,False,,,,,,,,,,,,,,
488,2022-03-28 09:42:30,2022-03-28 10:16:40,SPY,455.0,C,2022-03-28,0,True,True,bull,2,0,False,1,1,0.44,0.25,88.0,-38.0,-43.18181818181818,34.166666666666664,True,1-2,09:30,Monday,True,452.36,452.1065,above,0.056,bull,0.084,0.821,,12.5,-0.124,PDC,-0.064,0.584,0.584
489,2022-03-28 10:34:16,2022-03-28 10:47:37,SPY,447.0,P,2022-03-28,0,True,True,bear,1,0,False,1,1,0.09,0.06,9.0,-3.0,-33.333333333333336,13.35,True,1-2,10:30,Monday,True,452.81,452.652,above,0.035,bull,0.096,0.594,-0.154,64.3,-0.124,PDH,-0.033,-1.283,1.283
490,2022-03-29 10:23:17,2022-03-29 10:33:50,SPXW,4680.0,C,2022-03-30,1,False,True,bull,1,0,False,1,1,1.0,1.3,100.0,30.000000000000004,30.000000000000004,10.55,True,1-2,10:00,Tuesday,True,457.68,459.2776,below,-0.348,bull,0.25,0.12,-0.311,53.3,0.919,PDH,0.397,2.255,2.255
491,2022-03-29 10:35:59,2022-03-29 12:27:11,SPXW,4685.0,C,2022-03-30,1,False,True,bull,1,0,False,1,1,1.0,0.5,100.0,-50.0,-50.0,111.2,True,1-2,10:30,Tuesday,True,458.62,459.1249,below,-0.11,bull,0.207,0.355,-0.024,66.0,0.919,PDH,0.603,2.154,2.154
492,2022-03-30 09:36:46,2022-03-31 09:42:35,AMD,130.0,C,2022-04-01,2,False,False,bull,1,0,False,1,1,0.58,0.02,57.99999999999999,-55.99999999999999,-96.55172413793103,1445.8166666666666,True,1-2,09:30,Wednesday,False,,,,,,,,,,,,,,
493,2022-03-30 10:02:14,2022-03-30 11:08:39,SPXW,4665.0,C,2022-03-30,0,True,True,bull,1,0,False,1,1,1.0,0.2,100.0,-80.0,-80.0,66.41666666666667,True,1-2,10:00,Wednesday,True,460.88,460.4684,above,0.089,bull,0.01,0.895,,32.2,-0.264,PDC,-0.154,1.219,1.219
494,2022-03-31 09:45:55,2022-03-31 09:58:32,GLD,182.0,C,2022-04-01,1,False,False,bull,2,0,False,1,1,0.59,0.5,118.0,-17.999999999999993,-15.254237288135586,12.616666666666667,True,1-2,09:30,Thursday,False,,,,,,,,,,,,,,
495,2022-03-31 09:47:05,2022-03-31 09:52:31,AMC,20.0,P,2022-04-01,1,False,False,bear,1,0,False,1,1,0.14,0.15,14.000000000000002,0.9999999999999981,7.14285714285714,5.433333333333334,True,1-2,09:30,Thursday,False,,,,,,,,,,,,,,
496,2022-03-31 09:51:35,2022-03-31 10:01:31,NVDA,280.0,C,2022-04-01,1,False,False,bull,1,0,False,1,1,2.4,2.15,240.0,-25.0,-10.416666666666663,9.933333333333334,True,1-2,09:30,Thursday,False,,,,,,,,,,,,,,
497,2022-03-31 10:01:35,2022-03-31 10:06:17,SPY,450.0,P,2022-04-01,1,False,True,bear,5,0,False,1,1,0.48,0.42000000000000004,240.0,-29.999999999999982,-12.49999999999999,4.7,True,3-5,10:00,Thursday,True,458.0,457.6604,above,0.074,bear,-0.021,0.92,,31.6,-0.137,PDC,-0.137,-1.747,1.747
498,2022-03-31 10:23:11,2022-03-31 10:31:23,SPY,450.0,P,2022-03-31,0,True,True,bear,10,0,False,1,2,0.1,0.075,100.0,-25.0,-25.00000000000001,8.2,True,6-10,10:00,Thursday,True,457.2,457.4247,below,-0.049,bear,-0.059,0.408,-0.105,53.2,-0.137,PDL,0.16,-1.575,1.575
499,2022-03-31 10:44:39,2022-03-31 10:51:01,SPY,459.0,C,2022-03-31,0,True,True,bull,4,0,False,1,1,0.66,0.82,264.0,63.99999999999997,24.24242424242422,6.366666666666666,True,3-5,10:30,Thursday,True,457.54,457.4058,above,0.029,bear,-0.031,0.642,0.107,74.7,-0.137,PDL,0.234,0.319,0.319
500,2022-03-31 10:48:47,2022-03-31 10:59:45,AMD,116.0,C,2022-04-01,1,False,False,bull,2,0,False,1,1,1.01,0.82,202.0,-38.000000000000014,-18.811881188118818,10.966666666666667,True,1-2,10:30,Thursday,False,,,,,,,,,,,,,,
501,2022-03-31 10:54:58,2022-03-31 11:03:27,SPXW,4625.0,C,2022-03-31,0,True,True,bull,2,0,False,1,1,1.75,1.8,350.0,10.000000000000009,2.857142857142869,8.483333333333333,True,1-2,10:30,Thursday,True,458.34,457.4412,above,0.196,bull,0.011,0.983,0.249,85.0,-0.137,PDC,-0.063,0.908,0.908
502,2022-03-31 11:17:52,2022-03-31 11:41:07,SPXW,4555.0,P,2022-03-31,0,True,True,bear,1,0,False,1,1,2.1,1.5,210.0,-60.00000000000001,-28.57142857142857,23.25,True,1-2,11:00,Thursday,True,458.065,457.5457,above,0.113,bull,0.045,0.689,0.064,107.9,-0.137,PDC,-0.123,-0.56,0.56
503,2022-03-31 11:42:08,2022-03-31 11:48:11,SPY,462.0,C,2022-04-01,1,False,True,bull,1,0,False,1,1,0.51,0.44,51.0,-7.000000000000001,-13.725490196078427,6.05,True,1-2,11:30,Thursday,True,457.58,457.5633,above,0.004,bear,-0.004,0.463,-0.124,132.1,-0.137,PDC,-0.229,0.966,0.966
504,2022-04-01 10:18:01,2022-04-01 10:19:27,SPXW,4575.0,C,2022-04-01,0,True,True,bull,1,0,False,1,1,2.1,1.5,210.0,-60.00000000000001,-28.57142857142857,1.4333333333333333,True,1-2,10:00,Friday,True,452.63,452.4971,above,0.029,bear,-0.235,0.574,0.033,48.0,0.328,PDC,0.184,1.076,1.076
505,2022-04-01 10:19:59,2022-04-01 10:21:33,SPXW,4500.0,P,2022-04-01,0,True,True,bear,1,0,False,1,1,3.1,4.3,310.0,119.99999999999997,38.709677419354826,1.5666666666666667,True,1-2,10:00,Friday,True,452.63,452.4971,above,0.029,bear,-0.235,0.574,0.033,50.0,0.328,PDC,0.184,-0.581,0.581
506,2022-04-01 10:39:41,2022-04-01 10:55:09,SPXW,4490.0,P,2022-04-01,0,True,True,bear,2,0,False,1,1,1.75,0.8,350.0,-190.0,-54.285714285714285,15.466666666666667,True,1-2,10:30,Friday,True,451.52,452.0892,below,-0.126,bear,-0.244,0.268,-0.108,69.7,0.328,PDL,-0.016,-0.558,0.558
507,2022-04-01 11:05:29,2022-04-01 11:09:18,SPXW,4500.0,P,2022-04-01,0,True,True,bear,1,0,False,1,1,2.0,1.45,200.0,-55.00000000000001,-27.500000000000004,3.816666666666667,True,1-2,11:00,Friday,True,451.9,451.9892,below,-0.02,bear,-0.128,0.414,0.084,95.5,0.328,PDC,0.022,-0.42,0.42
508,2022-04-01 11:10:37,2022-04-01 11:15:24,QQQ,365.0,C,2022-04-01,0,True,False,bull,4,0,False,1,1,0.43,0.24,172.0,-76.0,-44.18604651162791,4.783333333333333,True,3-5,11:00,Friday,False,,,,,,,,,,,,,,
509,2022-04-01 11:40:11,2022-04-01 12:56:09,SPXW,4480.0,P,2022-04-01,0,True,True,bear,1,0,False,1,1,0.9,0.5,90.0,-40.0,-44.44444444444444,75.96666666666667,True,1-2,11:30,Friday,True,450.9,451.9309,below,-0.228,bear,-0.098,0.059,-0.312,130.2,0.328,PDL,-0.153,-0.643,0.643
510,2022-04-01 13:58:58,2022-04-01 14:08:22,SPXW,4545.0,C,2022-04-01,0,True,True,bull,1,0,False,1,1,1.45,2.05,145.0,59.999999999999986,41.37931034482758,9.4,True,1-2,13:30,Friday,True,450.3,451.2528,below,-0.211,bear,-0.009,0.262,0.129,269.0,0.328,PDL,-0.286,0.933,0.933
511,2022-04-04 10:15:42,2022-04-04 10:40:20,FB,237.5,C,2022-04-08,4,False,False,bull,1,0,False,1,1,1.56,1.92,156.0,35.999999999999986,23.076923076923062,24.633333333333333,True,1-2,10:00,Monday,False,,,,,,,,,,,,,,
512,2022-04-04 10:21:39,2022-04-04 10:34:49,SPXW,4590.0,C,2022-04-04,0,True,True,bull,2,0,False,1,1,0.85,0.95,170.0,19.999999999999996,11.764705882352944,13.166666666666666,True,1-2,10:00,Monday,True,453.98,453.5312,above,0.099,bull,0.2,0.704,0.143,51.6,0.031,PDH,0.121,1.106,1.106
513,2022-04-04 11:06:50,2022-04-04 12:39:03,SPXW,4585.0,C,2022-04-04,0,True,True,bull,1,0,False,1,1,2.2,1.4,220.00000000000003,-80.00000000000003,-36.363636363636374,92.21666666666667,True,1-2,11:00,Monday,True,455.025,453.8594,above,0.257,bull,0.14,0.991,0.093,96.8,0.031,PDH,0.352,0.764,0.764
514,2022-04-04 11:55:53,2022-04-05 09:33:49,TWTR,60.0,C,2022-04-08,4,False,False,bull,3,0,False,1,2,0.36000000000000004,0.7633333333333333,108.0,121.0,112.03703703703702,1297.9333333333334,True,3-5,11:30,Monday,False,,,,,,,,,,,,,,
515,2022-04-04 12:14:23,2022-04-04 14:06:21,AMD,111.0,C,2022-04-08,4,False,False,bull,1,0,False,1,1,2.14,1.65,214.0,-49.00000000000002,-22.89719626168225,111.96666666666667,True,1-2,12:00,Monday,False,,,,,,,,,,,,,,
516,2022-04-04 13:28:50,2022-04-04 14:29:47,SPXW,4580.0,C,2022-04-04,0,True,True,bull,1,0,False,1,1,2.1,3.1,210.0,100.0,47.61904761904763,60.95,True,1-2,13:00,Monday,True,455.14,454.4653,above,0.148,bull,0.002,0.836,0.008,238.8,0.031,PDH,0.377,0.628,0.628
517,2022-04-04 13:29:29,2022-04-04 14:02:08,SPY,456.0,C,2022-04-04,0,True,True,bull,2,0,False,1,1,0.36,0.44,72.0,16.000000000000004,22.222222222222232,32.65,True,1-2,13:00,Monday,True,455.14,454.4653,above,0.148,bull,0.002,0.836,0.008,239.5,0.031,PDH,0.377,0.189,0.189
518,2022-04-04 13:37:07,2022-04-04 15:01:20,NIO,23.0,P,2022-04-08,4,False,False,bear,1,0,False,1,1,0.59,0.5,59.0,-8.999999999999996,-15.254237288135586,84.21666666666667,True,1-2,13:30,Monday,False,,,,,,,,,,,,,,
519,2022-04-04 13:50:32,2022-04-04 13:57:42,SHOP,850.0,C,2022-04-08,4,False,False,bull,1,0,False,1,1,1.5,1.3,150.0,-19.999999999999996,-13.33333333333333,7.166666666666667,True,1-2,13:30,Monday,False,,,,,,,,,,,,,,
520,2022-04-05 09:55:50,2022-04-05 10:01:13,QQQ,370.0,C,2022-04-06,1,False,False,bull,1,0,False,1,1,1.13,0.97,112.99999999999999,-15.999999999999993,-14.15929203539823,5.383333333333334,True,1-2,09:30,Tuesday,False,,,,,,,,,,,,,,
521,2022-04-05 10:45:43,2022-04-05 10:52:15,MSFT,310.0,P,2022-04-08,3,False,False,bear,1,0,False,1,1,2.15,1.92,215.0,-23.0,-10.697674418604652,6.533333333333333,True,1-2,10:30,Tuesday,False,,,,,,,,,,,,,,
522,2022-04-05 10:54:12,2022-04-05 11:16:39,CLF,35.0,C,2022-04-08,3,False,False,bull,3,0,False,1,1,0.29,0.25,86.99999999999999,-11.99999999999999,-13.793103448275856,22.45,True,3-5,10:30,Tuesday,False,,,,,,,,,,,,,,
523,2022-04-05 11:04:28,2022-04-05 11:40:48,SPXW,4500.0,P,2022-04-06,1,False,True,bear,1,0,False,1,1,3.5,4.7,350.0,120.00000000000001,34.2857142857143,36.333333333333336,True,1-2,11:00,Tuesday,True,455.06,455.3936,below,-0.073,bear,-0.086,0.312,0.134,94.5,-0.324,PDC,-0.361,-1.112,1.112
524,2022-04-05 11:30:32,2022-04-05 11:35:49,WMT,150.0,P,2022-04-08,3,False,False,bear,4,0,False,1,1,0.48,0.41,192.0,-28.000000000000004,-14.583333333333337,5.283333333333333,True,3-5,11:30,Tuesday,False,,,,,,,,,,,,,,
525,2022-04-05 12:05:59,2022-04-05 12:24:02,SPXW,4600.0,C,2022-04-06,1,False,True,bull,1,0,False,1,1,3.7,2.65,370.0,-105.00000000000003,-28.37837837837839,18.05,True,1-2,12:00,Tuesday,True,453.62,455.0601,below,-0.316,bear,-0.108,0.095,-0.299,156.0,-0.324,PDL,0.294,1.406,1.406
526,2022-04-05 12:33:15,2022-04-05 13:29:08,NVDA,277.5,C,2022-04-08,3,False,False,bull,1,0,False,1,1,0.98,1.01,98.0,3.0000000000000027,3.0612244897959107,55.88333333333333,True,1-2,12:30,Tuesday,False,,,,,,,,,,,,,,
527,2022-04-05 12:51:32,,SPY,464.0,C,2022-04-08,3,False,True,bull,1,0,False,1,0,0.16,0.0,16.0,,-100.0,,False,1-2,12:30,Tuesday,True,453.27,454.7461,below,-0.325,bear,-0.113,0.115,0.038,201.5,-0.324,PDL,0.217,2.367,2.367
528,2022-04-06 09:46:15,2022-04-06 11:02:31,LYFT,40.0,C,2022-04-08,2,False,False,bull,1,0,False,1,1,0.06,0.16,6.0,10.0,166.66666666666669,76.26666666666667,True,1-2,09:30,Wednesday,False,,,,,,,,,,,,,,
529,2022-04-06 09:48:56,2022-04-06 09:54:46,AMC,25.0,C,2022-04-08,2,False,False,bull,1,0,False,1,1,0.28,0.3,28.000000000000004,1.9999999999999962,7.14285714285714,5.833333333333333,True,1-2,09:30,Wednesday,False,,,,,,,,,,,,,,
530,2022-04-06 10:00:17,2022-04-06 10:09:03,FB,220.0,P,2022-04-08,2,False,False,bear,1,0,False,1,1,1.65,2.0,165.0,35.00000000000001,21.212121212121215,8.766666666666667,True,1-2,10:00,Wednesday,False,,,,,,,,,,,,,,
531,2022-04-06 10:26:46,2022-04-06 10:46:28,QQQ,350.0,P,2022-04-06,0,True,False,bear,3,0,False,1,1,1.04,0.6999999999999998,312.0,-102.00000000000004,-32.69230769230771,19.7,True,3-5,10:00,Wednesday,False,,,,,,,,,,,,,,
532,2022-04-06 11:13:56,2022-04-06 11:33:59,AAL,17.5,C,2022-04-08,2,False,False,bull,6,0,False,1,1,0.29,0.28,173.99999999999997,-5.999999999999961,-3.44827586206895,20.05,True,6-10,11:00,Wednesday,False,,,,,,,,,,,,,,
533,2022-04-06 11:28:08,2022-04-06 12:20:21,NVDA,255.0,C,2022-04-08,2,False,False,bull,1,0,False,1,1,1.5,0.96,150.0,-54.0,-36.0,52.21666666666667,True,1-2,11:00,Wednesday,False,,,,,,,,,,,,,,
534,2022-04-06 13:15:57,2022-04-06 13:45:35,SPXW,4510.0,C,2022-04-06,0,True,True,bull,1,0,False,1,1,2.0,4.2,200.0,220.00000000000003,110.00000000000001,29.633333333333333,True,1-2,13:00,Wednesday,True,445.215,445.5217,below,-0.069,bear,-0.036,0.222,0.016,225.9,-0.968,PDL,-1.041,1.299,1.299
535,2022-04-06 13:36:49,2022-04-06 13:57:13,QQQ,357.0,C,2022-04-06,0,True,False,bull,1,0,False,1,1,0.54,0.69,54.0,14.999999999999991,27.777777777777768,20.4,True,1-2,13:30,Wednesday,False,,,,,,,,,,,,,,
536,2022-04-06 13:48:26,2022-04-06 14:00:07,SPY,450.0,C,2022-04-06,0,True,True,bull,2,0,False,1,1,0.32,0.23,64.0,-18.0,-28.125,11.683333333333334,True,1-2,13:30,Wednesday,True,446.69,445.5879,above,0.247,bull,0.07,0.707,0.331,258.4,-0.968,PDL,-0.713,0.741,0.741
537,2022-04-06 14:01:15,2022-04-06 14:07:23,SPY,460.0,C,2022-04-08,2,False,True,bull,1,0,False,1,1,0.09,0.07,9.0,-1.9999999999999991,-22.22222222222221,6.133333333333334,True,1-2,14:00,Wednesday,True,446.195,445.6355,above,0.126,bull,0.081,0.544,0.089,271.2,-0.968,PDL,-0.824,3.094,3.094
538,2022-04-07 09:59:35,2022-04-07 10:40:20,TSLA,1110.0,C,2022-04-08,1,False,False,bull,1,0,False,1,1,4.4,2.2,440.00000000000006,-220.00000000000003,-50.0,40.75,True,1-2,09:30,Thursday,False,,,,,,,,,,,,,,
539,2022-04-07 10:02:03,2022-04-07 10:41:02,MSFT,307.5,C,2022-04-08,1,False,False,bull,2,0,False,1,1,0.78,0.38,156.0,-80.0,-51.28205128205128,38.983333333333334,True,1-2,10:00,Thursday,False,,,,,,,,,,,,,,
540,2022-04-07 11:02:16,2022-04-07 11:13:04,SPXW,4400.0,P,2022-04-08,1,False,True,bear,1,0,False,1,1,3.5,4.2,350.0,70.00000000000001,19.999999999999996,10.8,True,1-2,11:00,Thursday,True,445.15,446.0628,below,-0.205,bear,-0.11,0.216,-0.146,92.3,-0.208,PDC,-0.334,-1.157,1.157
541,2022-04-07 11:50:13,2022-04-07 12:10:48,SPXW,4370.0,P,2022-04-08,1,False,True,bear,2,0,False,1,1,2.1,1.35,420.0,-150.0,-35.71428571428571,20.583333333333332,True,1-2,11:30,Thursday,True,444.39,445.7295,below,-0.301,bear,-0.114,0.105,-0.097,140.2,-0.208,PDL,0.207,-1.663,1.663
542,2022-04-07 12:15:16,2022-04-07 14:03:08,SPXW,4535.0,C,2022-04-08,1,False,True,bull,1,0,False,1,1,1.7,5.0,170.0,330.0,194.11764705882354,107.86666666666666,True,1-2,12:00,Thursday,True,444.77,445.4453,below,-0.152,bear,-0.079,0.231,0.086,165.3,-0.208,PDL,0.293,1.963,1.963
543,2022-04-08 09:58:28,2022-04-08 10:02:28,COST,610.0,C,2022-04-08,0,True,False,bull,2,0,False,1,2,0.85,1.145,170.0,59.00000000000001,34.70588235294119,4.0,True,1-2,09:30,Friday,False,,,,,,,,,,,,,,
544,2022-04-08 10:03:21,2022-04-08 11:49:12,TWTR,44.0,P,2022-04-08,0,True,False,bear,20,0,False,1,1,0.05,0.01,100.0,-80.0,-80.0,105.85,True,11+,10:00,Friday,False,,,,,,,,,,,,,,
545,2022-04-08 10:21:25,2022-04-08 10:32:07,SPXW,4430.0,P,2022-04-08,0,True,True,bear,2,1,True,2,1,0.9249999999999999,0.4,185.0,-104.99999999999999,-56.75675675675676,10.7,True,1-2,10:00,Friday,True,446.8,446.866,below,-0.015,bear,-0.131,0.369,0.025,51.4,-0.136,PDC,-0.426,-0.85,0.85
546,2022-04-08 10:51:54,2022-04-08 11:38:03,TSLA,1060.0,C,2022-04-08,0,True,False,bull,1,0,False,1,1,1.45,0.8,145.0,-64.99999999999999,-44.827586206896555,46.15,True,1-2,10:30,Friday,False,,,,,,,,,,,,,,
547,2022-04-08 10:56:21,2022-04-08 11:04:09,SPXW,4530.0,C,2022-04-08,0,True,True,bull,1,0,False,1,1,3.2,5.9,320.0,270.0,84.375,7.8,True,1-2,10:30,Friday,True,448.94,447.1687,above,0.396,bull,0.014,0.993,0.421,86.3,-0.136,PDC,0.051,0.904,0.904
548,2022-04-08 11:58:01,2022-04-08 12:23:31,SPY,452.0,C,2022-04-08,0,True,True,bull,3,0,False,1,1,0.33,0.33,99.0,0.0,0.0,25.5,True,3-5,11:30,Friday,True,449.37,447.8264,above,0.345,bull,0.099,0.794,0.078,148.0,-0.136,PDC,0.147,0.585,0.585
549,2022-04-08 13:29:26,2022-04-08 13:46:06,SPXW,4485.0,P,2022-04-08,0,True,True,bear,1,0,False,1,1,2.1,2.9,210.0,79.99999999999999,38.095238095238095,16.666666666666668,True,1-2,13:00,Friday,True,449.43,448.3106,above,0.25,bull,0.01,0.752,-0.127,239.4,-0.136,PDC,0.16,-0.207,0.207
550,2022-04-11 09:40:46,2022-04-11 11:31:09,SPXW,4400.0,P,2022-04-11,0,True,True,bear,3,1,True,2,1,1.8333333333333333,1.05,550.0,-234.99999999999997,-42.72727272727273,110.38333333333334,True,3-5,09:30,Monday,True,443.29,444.1041,below,-0.183,bear,-0.284,0.0,,10.8,-0.775,PDL,-0.603,-0.742,0.742
551,2022-04-11 11:47:11,2022-04-11 11:52:06,FB,215.0,P,2022-04-14,3,False,False,bear,1,0,False,1,1,2.69,2.39,269.0,-29.999999999999982,-11.152416356877314,4.916666666666667,True,1-2,11:30,Monday,False,,,,,,,,,,,,,,
552,2022-04-12 09:47:09,2022-04-12 09:49:07,COST,600.0,C,2022-04-14,2,False,False,bull,1,0,False,1,1,1.7,2.2,170.0,50.00000000000002,29.41176470588236,1.9666666666666666,True,1-2,09:30,Tuesday,False,,,,,,,,,,,,,,
553,2022-04-12 09:54:06,2022-04-12 10:13:46,AMD,105.0,C,2022-04-14,2,False,False,bull,2,0,False,1,1,0.48,0.35,96.0,-26.0,-27.083333333333336,19.666666666666668,True,1-2,09:30,Tuesday,False,,,,,,,,,,,,,,
554,2022-04-12 10:48:35,2022-04-12 11:22:57,SPY,440.0,P,2022-04-13,1,False,True,bear,2,0,False,1,1,1.35,1.0,270.0,-70.00000000000001,-25.92592592592593,34.36666666666667,True,1-2,10:30,Tuesday,True,442.98,443.8821,below,-0.203,bull,0.074,0.185,-0.416,78.6,0.714,PDH,-0.454,-0.673,0.673
555,2022-04-12 10:49:44,2022-04-12 11:18:59,QQQ,340.0,P,2022-04-13,1,False,False,bear,2,0,False,1,1,1.6,1.25,320.0,-70.00000000000001,-21.875,29.25,True,1-2,10:30,Tuesday,False,,,,,,,,,,,,,,
556,2022-04-12 11:33:13,2022-04-12 12:02:53,SHOP,700.0,C,2022-04-14,2,False,False,bull,1,0,False,1,1,1.75,1.2,175.0,-55.00000000000001,-31.428571428571427,29.666666666666668,True,1-2,11:30,Tuesday,False,,,,,,,,,,,,,,
557,2022-04-12 12:08:27,2022-04-12 13:59:23,SPY,439.0,P,2022-04-13,1,False,True,bear,3,0,False,1,2,0.88,1.2933333333333332,264.0,123.99999999999997,46.96969696969695,110.93333333333334,True,3-5,12:00,Tuesday,True,443.32,443.7088,below,-0.088,bull,0.036,0.319,-0.209,158.4,0.714,PDH,-0.378,-0.974,0.974
558,2022-04-12 14:02:25,2022-04-12 14:08:17,SPY,435.0,P,2022-04-13,1,False,True,bear,1,0,False,1,1,0.71,0.48,71.0,-23.0,-32.3943661971831,5.866666666666666,True,1-2,14:00,Tuesday,True,439.545,442.8051,below,-0.736,bear,-0.187,0.025,-0.479,272.4,0.714,PDL,0.031,-1.034,1.034
559,2022-04-13 09:40:46,2022-04-13 10:00:28,FB,217.5,C,2022-04-14,1,False,False,bull,1,0,False,1,1,1.28,1.13,128.0,-15.000000000000014,-11.71875000000001,19.7,True,1-2,09:30,Wednesday,False,,,,,,,,,,,,,,
560,2022-04-13 09:50:26,2022-04-13 10:00:25,TSLA,1040.0,C,2022-04-14,1,False,False,bull,1,0,False,1,1,1.99,1.18,199.0,-81.0,-40.7035175879397,9.983333333333333,True,1-2,09:30,Wednesday,False,,,,,,,,,,,,,,
561,2022-04-13 10:02:18,2022-04-13 11:04:32,SPXW,4365.0,P,2022-04-13,0,True,True,bear,1,0,False,1,1,4.6,0.7,459.99999999999994,-389.99999999999994,-84.78260869565217,62.233333333333334,True,1-2,10:00,Wednesday,True,438.99,439.4121,below,-0.096,bull,0.07,0.47,,32.3,-0.066,PDC,0.162,-0.567,0.567
562,2022-04-13 11:34:40,2022-04-13 11:43:30,SPY,440.0,P,2022-04-13,0,True,True,bear,2,0,False,1,2,0.5,0.55,100.0,10.000000000000009,10.000000000000009,8.833333333333334,True,1-2,11:30,Wednesday,True,441.515,439.5148,above,0.455,bull,0.171,0.961,0.379,124.7,-0.066,PDC,0.738,-0.343,0.343
563,2022-04-13 14:02:05,2022-04-13 14:07:46,QQQ,341.0,P,2022-04-14,1,False,False,bear,2,0,False,1,1,0.88,0.73,176.0,-30.000000000000004,-17.045454545454554,5.683333333333334,True,1-2,14:00,Wednesday,False,,,,,,,,,,,,,,
564,2022-04-13 14:57:52,2022-04-14 10:09:30,COST,615.0,C,2022-04-22,9,False,False,bull,1,0,False,1,1,1.28,0.69,128.0,-59.00000000000001,-46.09375,1151.6333333333334,True,1-2,14:30,Wednesday,False,,,,,,,,,,,,,,
565,2022-04-14 09:33:59,2022-04-14 09:41:30,NVDA,235.0,C,2022-04-14,0,True,False,bull,2,0,False,1,1,0.51,0.2,102.0,-62.0,-60.7843137254902,7.516666666666667,True,1-2,09:30,Thursday,False,,,,,,,,,,,,,,
566,2022-04-14 09:44:53,2022-04-14 10:08:25,MSFT,282.5,P,2022-04-14,0,True,False,bear,2,0,False,1,2,0.34,0.7050000000000001,68.0,73.00000000000001,107.35294117647061,23.533333333333335,True,1-2,09:30,Thursday,False,,,,,,,,,,,,,,
567,2022-04-14 10:24:09,2022-04-14 11:45:52,SPXW,4385.0,P,2022-04-14,0,True,True,bear,1,0,False,1,1,1.9,2.0,190.0,10.000000000000009,5.263157894736836,81.71666666666667,True,1-2,10:00,Thursday,True,441.07,442.5197,below,-0.328,bear,-0.143,0.115,-0.314,54.1,0.056,PDC,-0.51,-0.583,0.583
568,2022-04-14 11:51:49,2022-04-14 12:59:38,TWTR,40.0,P,2022-04-22,8,False,False,bear,1,0,False,1,1,0.82,0.5,82.0,-31.999999999999996,-39.02439024390244,67.81666666666666,True,1-2,11:30,Thursday,False,,,,,,,,,,,,,,
569,2022-04-14 12:30:22,2022-04-14 12:59:13,AAPL,167.5,P,2022-04-14,0,True,False,bear,1,0,False,1,1,0.93,0.9,93.0,-3.0000000000000027,-3.2258064516129115,28.85,True,1-2,12:30,Thursday,False,,,,,,,,,,,,,,
570,2022-04-14 13:00:15,2022-04-14 14:01:04,SPXW,4450.0,C,2022-04-14,0,True,True,bull,1,0,False,1,1,1.1,1.7,110.00000000000001,59.999999999999986,54.54545454545452,60.81666666666667,True,1-2,13:00,Thursday,True,440.07,441.4739,below,-0.318,bear,-0.121,0.111,0.001,210.2,0.056,PDL,0.493,1.12,1.12
571,2022-04-18 09:30:55,2022-04-21 10:13:00,TSLA,1200.0,C,2022-04-22,4,False,False,bull,1,0,False,1,1,1.38,0.3,138.0,-107.99999999999999,-78.26086956521738,4362.083333333333,True,1-2,09:30,Monday,False,,,,,,,,,,,,,,
572,2022-04-18 09:34:55,2022-04-18 09:53:51,SPY,437.0,P,2022-04-18,0,True,True,bear,2,0,False,1,1,1.08,1.2,216.0,23.99999999999998,11.111111111111093,18.933333333333334,True,1-2,09:30,Monday,False,,,,,,,,,,,,,,
573,2022-04-18 10:45:24,2022-04-18 10:57:07,SPY,442.0,C,2022-04-18,0,True,True,bull,2,0,False,1,1,0.29,0.14,57.99999999999999,-29.999999999999993,-51.72413793103448,11.716666666666667,True,1-2,10:30,Monday,True,439.15,438.4047,above,0.17,bear,-0.001,0.866,0.178,75.4,-0.242,PDC,0.274,0.649,0.649
574,2022-04-18 10:47:20,2022-04-18 11:14:53,QQQ,342.0,C,2022-04-18,0,True,False,bull,3,1,True,2,1,0.5833333333333334,0.28,175.0,-90.99999999999999,-52.0,27.55,True,3-5,10:30,Monday,False,,,,,,,,,,,,,,
575,2022-04-18 10:54:46,2022-04-18 13:33:27,MSFT,270.0,P,2022-04-22,4,False,False,bear,2,0,False,1,1,0.92,0.94,184.0,3.9999999999999813,2.1739130434782483,158.68333333333334,True,1-2,10:30,Monday,False,,,,,,,,,,,,,,
576,2022-04-18 11:17:11,2022-04-20 09:35:54,NFLX,210.0,P,2022-04-22,4,False,False,bear,1,0,False,1,1,0.14,0.88,14.000000000000002,74.0,528.5714285714286,2778.7166666666667,True,1-2,11:00,Monday,False,,,,,,,,,,,,,,
577,2022-04-19 10:03:09,2022-04-20 11:00:51,MSFT,300.0,C,2022-04-29,10,False,False,bull,1,0,False,1,1,1.76,2.67,176.0,90.99999999999999,51.70454545454546,1497.7,True,1-2,10:00,Tuesday,False,,,,,,,,,,,,,,
578,2022-04-19 11:08:27,2022-04-19 11:29:09,SPXW,4510.0,C,2022-04-20,1,False,True,bull,1,0,False,1,1,2.4,2.75,240.0,35.00000000000001,14.583333333333348,20.7,True,1-2,11:00,Tuesday,True,443.225,441.4584,above,0.4,bull,0.3,0.905,0.091,98.5,-0.009,PDH,0.797,1.754,1.754
579,2022-04-19 13:52:50,2022-04-19 14:12:50,SPXW,4500.0,C,2022-04-20,1,False,True,bull,1,0,False,1,1,3.2,1.95,320.0,-125.00000000000003,-39.0625,20.0,True,1-2,13:30,Tuesday,True,443.35,442.5854,above,0.173,bear,-0.012,0.86,-0.034,262.8,-0.009,PDH,0.826,1.5,1.5
580,2022-04-19 14:22:56,2022-04-19 14:39:22,SPXW,4375.0,P,2022-04-20,1,False,True,bear,1,0,False,1,1,2.9,2.1,290.0,-79.99999999999999,-27.586206896551722,16.433333333333334,True,1-2,14:00,Tuesday,True,442.6,442.6854,below,-0.019,bear,-0.026,0.745,-0.169,292.9,-0.009,PDH,0.655,-1.152,1.152
581,2022-04-19 15:25:05,2022-04-19 15:42:40,SPY,448.0,C,2022-04-20,1,False,True,bull,1,0,False,1,1,0.65,0.58,65.0,-7.000000000000006,-10.769230769230775,17.583333333333332,True,1-2,15:00,Tuesday,True,445.285,442.9001,above,0.538,bull,0.132,0.991,0.4,355.1,-0.009,PDH,1.266,0.61,0.61
582,2022-04-20 09:48:36,2022-04-20 10:35:35,SPXW,4420.0,P,2022-04-20,0,True,True,bear,3,1,True,2,1,1.55,0.45,465.00000000000006,-330.0,-70.96774193548387,46.983333333333334,True,3-5,09:30,Wednesday,True,445.74,446.7836,below,-0.234,bull,0.172,0.027,,18.6,0.456,PDH,-0.011,-0.839,0.839
583,2022-04-20 09:58:11,2022-04-20 10:35:40,QQQ,340.0,P,2022-04-20,0,True,False,bear,3,1,True,2,1,0.6866666666666666,0.3,206.0,-116.00000000000001,-56.310679611650485,37.483333333333334,True,3-5,09:30,Wednesday,False,,,,,,,,,,,,,,
584,2022-04-20 10:56:33,2022-04-20 11:01:10,SPY,450.0,C,2022-04-20,0,True,True,bull,4,0,False,1,1,0.17,0.08,68.0,-36.00000000000001,-52.94117647058824,4.616666666666666,True,3-5,10:30,Wednesday,True,447.03,445.8726,above,0.26,bull,0.14,0.833,0.398,86.5,0.456,PDH,0.278,0.664,0.664
585,2022-04-20 14:01:21,2022-04-21 12:06:16,AAPL,175.0,C,2022-04-22,2,False,False,bull,2,0,False,1,1,0.04,0.06,8.0,3.9999999999999996,50.0,1324.9166666666667,True,1-2,14:00,Wednesday,False,,,,,,,,,,,,,,
586,2022-04-21 10:00:25,2022-04-21 10:24:47,COST,615.0,C,2022-04-22,1,False,False,bull,1,0,False,1,1,1.32,0.63,132.0,-69.0,-52.27272727272727,24.366666666666667,True,1-2,10:00,Thursday,False,,,,,,,,,,,,,,
587,2022-04-21 10:03:23,2022-04-21 10:05:55,QQQ,350.0,C,2022-04-22,1,False,False,bull,2,0,False,1,1,0.98,0.88,196.0,-19.999999999999996,-10.204081632653061,2.533333333333333,True,1-2,10:00,Thursday,False,,,,,,,,,,,,,,
588,2022-04-21 10:07:26,2022-04-21 10:21:17,NVDA,210.0,P,2022-04-22,1,False,False,bear,3,0,False,1,1,1.55,1.88,465.00000000000006,98.99999999999993,21.29032258064516,13.85,True,3-5,10:00,Thursday,False,,,,,,,,,,,,,,
589,2022-04-21 10:13:12,2022-04-21 10:21:04,QQQ,340.0,P,2022-04-22,1,False,False,bear,2,0,False,1,1,1.01,1.25,202.0,48.0,23.762376237623762,7.866666666666666,True,1-2,10:00,Thursday,False,,,,,,,,,,,,,,
590,2022-04-21 10:20:47,2022-04-21 11:40:31,SPXW,4410.0,P,2022-04-22,1,False,True,bear,1,0,False,1,1,2.6,4.5,260.0,190.0,73.07692307692307,79.73333333333333,True,1-2,10:00,Thursday,True,448.15,449.1461,below,-0.222,bull,0.218,0.0,-0.323,50.8,0.886,PDH,0.132,-1.595,1.595
591,2022-04-21 13:17:54,2022-04-21 13:22:14,SPY,440.0,P,2022-04-22,1,False,True,bear,1,0,False,1,1,1.6,1.16,160.0,-44.000000000000014,-27.500000000000014,4.333333333333333,True,1-2,13:00,Thursday,True,442.43,446.5723,below,-0.928,bear,-0.259,0.051,-0.34,227.9,0.886,PDL,-0.242,-0.549,0.549
592,2022-04-21 13:56:01,2022-04-25 09:31:51,SNAP,40.0,C,2022-04-29,8,False,False,bull,1,0,False,1,1,0.81,0.01,81.0,-80.0,-98.76543209876543,5495.833333333333,True,1-2,13:30,Thursday,False,,,,,,,,,,,,,,
593,2022-04-21 14:01:09,2022-04-21 14:06:24,SPY,438.0,P,2022-04-22,1,False,True,bear,1,0,False,1,1,1.06,1.2,106.0,13.99999999999999,13.207547169811317,5.25,True,1-2,14:00,Thursday,True,441.77,445.7267,below,-0.888,bear,-0.159,0.048,-0.329,271.1,0.886,PDL,-0.391,-0.853,0.853
594,2022-04-22 09:40:59,2022-04-22 10:19:43,SPXW,4305.0,P,2022-04-22,0,True,True,bear,2,0,False,1,1,2.3,2.8,459.99999999999994,100.0,21.739130434782616,38.733333333333334,True,1-2,09:30,Friday,True,435.26,436.1015,below,-0.193,bear,-0.292,0.03,,11.0,-0.244,PDL,-0.428,-1.094,1.094
595,2022-04-22 10:26:07,2022-04-22 11:55:41,SPXW,4290.0,P,2022-04-22,0,True,True,bear,3,1,True,2,3,2.1333333333333333,3.3166666666666664,640.0,354.9999999999999,55.46875,89.56666666666666,True,3-5,10:00,Friday,True,433.225,434.7366,below,-0.348,bear,-0.38,0.044,-0.445,56.1,-0.244,PDL,-0.893,-0.975,0.975
596,2022-04-22 13:32:47,2022-04-26 15:59:22,FB,145.0,P,2022-04-29,7,False,False,bear,1,0,False,1,1,1.5,1.74,150.0,24.0,15.999999999999993,5906.583333333333,True,1-2,13:30,Friday,False,,,,,,,,,,,,,,
597,2022-04-22 13:40:06,2022-04-22 14:10:48,SPY,427.0,P,2022-04-22,0,True,True,bear,1,0,False,1,1,0.41,0.57,41.0,15.999999999999998,39.02439024390243,30.7,True,1-2,13:30,Friday,True,429.54,432.9996,below,-0.799,bear,-0.138,0.003,-0.193,250.1,-0.244,PDL,-1.736,-0.591,0.591
598,2022-04-22 15:17:34,2022-04-25 09:30:13,MSFT,297.5,C,2022-04-29,7,False,False,bull,1,0,False,1,1,1.72,1.28,172.0,-43.99999999999999,-25.581395348837212,3972.65,True,1-2,15:00,Friday,False,,,,,,,,,,,,,,
599,2022-04-25 09:36:38,2022-04-25 09:50:10,QQQ,320.0,P,2022-04-25,0,True,False,bear,4,1,True,2,2,0.8,0.995,320.0,77.99999999999999,24.374999999999993,13.533333333333333,True,3-5,09:30,Monday,False,,,,,,,,,,,,,,
600,2022-04-25 09:43:41,2022-04-25 09:48:22,SPXW,4160.0,P,2022-04-25,0,True,True,bear,2,0,False,1,2,2.8,3.75,560.0,190.00000000000003,33.928571428571445,4.683333333333334,True,1-2,09:30,Monday,True,422.695,422.6626,above,0.008,bear,-0.387,0.423,,13.7,-0.561,PDL,-0.65,-1.584,1.584
601,2022-04-25 10:05:43,2022-04-25 10:11:17,QQQ,319.0,P,2022-04-25,0,True,False,bear,3,0,False,1,1,1.02,0.61,306.0,-123.0,-40.19607843137255,5.566666666666666,True,3-5,10:00,Monday,False,,,,,,,,,,,,,,
602,2022-04-25 10:16:09,2022-04-25 10:25:18,SPXW,4145.0,P,2022-04-25,0,True,True,bear,1,0,False,1,1,2.6,1.25,260.0,-135.0,-51.92307692307693,9.15,True,1-2,10:00,Monday,True,420.86,421.6455,below,-0.186,bear,-0.584,0.223,-0.21,46.1,-0.561,PDL,-1.081,-1.511,1.511
603,2022-04-25 10:31:59,2022-04-25 10:52:40,SPXW,4315.0,C,2022-04-25,0,True,True,bull,1,0,False,1,1,2.05,0.6,204.99999999999997,-144.99999999999997,-70.73170731707317,20.683333333333334,True,1-2,10:30,Monday,True,422.78,421.6903,above,0.258,bear,-0.403,0.72,0.585,62.0,-0.561,PDL,-0.63,2.063,2.063
604,2022-04-25 10:37:37,2022-04-25 10:45:30,SPY,427.0,C,2022-04-25,0,True,True,bull,2,0,False,1,1,0.97,0.42,194.0,-110.00000000000001,-56.70103092783505,7.883333333333334,True,1-2,10:30,Monday,True,424.04,421.86,above,0.517,bear,-0.304,0.967,0.878,67.6,-0.561,PDL,-0.334,0.698,0.698
605,2022-04-25 11:15:33,2022-04-25 11:25:05,SPY,417.0,P,2022-04-25,0,True,True,bear,1,0,False,1,1,0.76,0.57,76.0,-19.000000000000007,-25.00000000000001,9.533333333333333,True,1-2,11:00,Monday,True,421.09,421.8178,below,-0.173,bear,-0.261,0.249,-0.303,105.5,-0.561,PDL,-1.027,-0.971,0.971
606,2022-04-25 15:11:49,2022-04-26 09:30:21,TWTR,85.0,C,2022-04-29,4,False,False,bull,1,0,False,1,1,0.04,0.01,4.0,-3.0,-75.0,1098.5333333333333,True,1-2,15:00,Monday,False,,,,,,,,,,,,,,
607,2022-04-26 09:35:32,2022-04-26 09:48:47,SPXW,4190.0,P,2022-04-26,0,True,True,bear,2,0,False,1,2,2.35,2.625,470.0,54.999999999999986,11.702127659574458,13.25,True,1-2,09:30,Tuesday,True,425.26,425.45,below,-0.045,bull,0.221,0.18,,5.5,-0.653,PDC,-0.77,-1.472,1.472
608,2022-04-26 09:50:55,2022-04-26 10:20:40,SPXW,4150.0,P,2022-04-26,0,True,True,bear,2,0,False,1,1,0.8,0.95,160.0,29.999999999999982,18.74999999999998,29.75,True,1-2,09:30,Tuesday,True,424.3,424.9557,below,-0.154,bear,-0.01,0.138,,20.9,-0.653,PDC,-0.994,-2.192,2.192
609,2022-04-26 10:53:50,2022-04-26 11:09:01,SPXW,4100.0,P,2022-04-27,1,False,True,bear,1,0,False,1,1,3.8,4.8,380.0,100.0,26.315789473684205,15.183333333333334,True,1-2,10:30,Tuesday,True,421.6,423.2996,below,-0.402,bear,-0.314,0.195,-0.14,83.8,-0.653,PDL,0.659,-2.751,2.751
610,2022-04-26 14:36:08,2022-04-26 14:43:24,SPXW,4250.0,C,2022-04-26,0,True,True,bull,1,0,False,1,1,2.2,1.2,220.00000000000003,-100.00000000000003,-45.45454545454546,7.266666666666667,True,1-2,14:30,Tuesday,True,420.33,421.3741,below,-0.248,bear,-0.005,0.215,0.227,306.1,-0.653,PDL,0.356,1.111,1.111
611,2022-04-26 14:56:02,2022-04-26 15:05:06,SPXW,4260.0,C,2022-04-26,0,True,True,bull,1,0,False,1,1,1.2,0.6,120.0,-60.0,-50.0,9.066666666666666,True,1-2,14:30,Tuesday,True,420.25,421.2907,below,-0.247,bear,-0.015,0.204,-0.069,326.0,-0.653,PDL,0.337,1.368,1.368
612,2022-04-26 15:55:36,2022-04-26 16:07:10,SPXW,4390.0,C,2022-04-29,3,False,True,bull,1,0,False,1,1,2.1,1.4,210.0,-70.00000000000001,-33.333333333333336,11.566666666666666,True,1-2,15:30,Tuesday,True,417.1,420.3808,below,-0.78,bear,-0.2,0.0,-0.301,385.6,-0.653,PDL,-0.415,5.251,5.251
613,2022-04-27 09:50:25,2022-04-27 10:05:06,SPXW,4160.0,P,2022-04-27,0,True,True,bear,1,0,False,1,1,4.5,6.2,450.0,170.00000000000003,37.77777777777778,14.683333333333334,True,1-2,09:30,Wednesday,True,421.31,419.0806,above,0.532,bull,0.035,0.929,,20.4,0.274,PDH,-1.099,-1.26,1.26
614,2022-04-27 10:59:11,2022-04-27 11:25:37,SPXW,4130.0,P,2022-04-27,0,True,True,bear,1,0,False,1,1,3.5,1.85,350.0,-165.0,-47.14285714285714,26.433333333333334,True,1-2,10:30,Wednesday,True,418.12,418.5711,below,-0.108,bear,-0.069,0.444,0.228,89.2,0.274,PDC,0.488,-1.225,1.225
615,2022-04-27 12:24:52,2022-04-27 12:27:41,SPXW,4160.0,P,2022-04-27,0,True,True,bear,1,0,False,1,1,1.7,1.25,170.0,-44.99999999999999,-26.470588235294112,2.816666666666667,True,1-2,12:00,Wednesday,True,419.81,418.8556,above,0.228,bull,0.101,0.686,-0.079,174.9,0.274,PDC,0.894,-0.908,0.908
616,2022-04-27 12:51:47,2022-04-27 13:10:01,SPXW,4270.0,C,2022-04-27,0,True,True,bull,1,0,False,1,1,2.75,1.25,275.0,-150.0,-54.54545454545454,18.233333333333334,True,1-2,12:30,Wednesday,True,421.89,419.1403,above,0.656,bull,0.231,0.87,0.495,201.8,0.274,PDH,-0.962,1.211,1.211
617,2022-04-27 14:23:07,2022-04-27 14:45:31,SPXW,4195.0,P,2022-04-27,0,True,True,bear,1,0,False,1,1,4.0,2.3,400.0,-170.00000000000003,-42.50000000000001,22.4,True,1-2,14:00,Wednesday,True,420.62,419.6056,above,0.242,bull,0.027,0.709,-0.225,293.1,0.274,PDC,1.089,-0.266,0.266
618,2022-04-27 14:48:45,2022-04-27 14:59:33,SPXW,4180.0,P,2022-04-27,0,True,True,bear,1,0,False,1,1,1.6,4.0,160.0,240.0,150.0,10.8,True,1-2,14:30,Wednesday,True,421.15,419.6559,above,0.356,bear,-0.026,0.776,-0.097,318.8,0.274,PDH,-1.136,-0.748,0.748
619,2022-04-28 10:02:30,2022-04-28 11:07:15,SPXW,4050.0,P,2022-04-29,1,False,True,bear,2,1,True,2,1,3.425,2.0,685.0,-284.99999999999994,-41.60583941605839,64.75,True,1-2,10:00,Thursday,True,420.32,420.9311,below,-0.145,bull,0.095,0.209,,32.5,1.21,PDH,-0.615,-3.645,3.645
620,2022-04-28 11:45:23,2022-04-28 12:17:10,SPXW,4100.0,P,2022-04-29,1,False,True,bear,1,0,False,1,1,5.6,3.7,560.0,-189.99999999999994,-33.928571428571416,31.783333333333335,True,1-2,11:30,Thursday,True,420.09,419.8662,above,0.053,bull,0.101,0.458,-0.177,135.4,1.21,PDH,-0.669,-2.402,2.402
621,2022-04-28 12:21:33,2022-04-28 12:48:12,TSLA,900.0,C,2022-04-29,1,False,False,bull,1,0,False,1,1,2.56,8.45,256.0,588.9999999999999,230.07812499999994,26.65,True,1-2,12:00,Thursday,False,,,,,,,,,,,,,,
622,2022-04-28 13:12:36,2022-04-28 14:16:11,SPXW,4400.0,C,2022-04-29,1,False,True,bull,1,0,False,1,1,1.55,1.15,155.0,-40.000000000000014,-25.806451612903235,63.583333333333336,True,1-2,13:00,Thursday,True,426.275,421.6733,above,1.091,bull,0.422,0.984,0.532,222.6,1.21,PDH,0.793,3.22,3.22
623,2022-04-29 09:32:48,2022-04-29 09:44:45,BIDU,139.0,C,2022-04-29,0,True,False,bull,1,0,False,1,1,0.9,0.22,90.0,-68.0,-75.55555555555556,11.95,True,1-2,09:30,Friday,False,,,,,,,,,,,,,,
624,2022-04-29 09:42:01,2022-04-29 10:00:24,TSLA,950.0,C,2022-04-29,0,True,False,bull,2,0,False,1,2,1.42,3.35,284.0,386.00000000000006,135.9154929577465,18.383333333333333,True,1-2,09:30,Friday,False,,,,,,,,,,,,,,
625,2022-04-29 09:51:49,2022-04-29 09:54:52,NFLX,215.0,C,2022-04-29,0,True,False,bull,1,0,False,1,1,0.17,0.14,17.0,-3.0,-17.647058823529406,3.05,True,1-2,09:30,Friday,False,,,,,,,,,,,,,,
626,2022-04-29 10:07:42,2022-04-29 10:11:13,TWTR,50.0,C,2022-04-29,0,True,False,bull,1,0,False,1,1,0.29,0.26,28.999999999999996,-2.9999999999999973,-10.344827586206884,3.5166666666666666,True,1-2,10:00,Friday,False,,,,,,,,,,,,,,
627,2022-04-29 10:10:32,2022-04-29 10:36:29,AMZN,2700.0,C,2022-04-29,0,True,False,bull,1,0,False,1,1,1.21,0.56,121.0,-64.99999999999999,-53.71900826446281,25.95,True,1-2,10:00,Friday,False,,,,,,,,,,,,,,
628,2022-04-29 10:42:09,2022-04-29 10:55:20,QQQ,318.0,P,2022-04-29,0,True,False,bear,2,0,False,1,2,0.69,0.6799999999999999,138.0,-2.0000000000000018,-1.449275362318847,13.183333333333334,True,1-2,10:30,Friday,False,,,,,,,,,,,,,,
629,2022-04-29 11:19:34,2022-04-29 11:24:05,SPY,416.0,P,2022-04-29,0,True,True,bear,2,0,False,1,1,0.55,0.405,110.00000000000001,-29.000000000000004,-26.363636363636367,4.516666666666667,True,1-2,11:00,Friday,True,420.33,421.9914,below,-0.394,bear,-0.373,0.113,-0.116,109.6,-0.968,PDL,0.654,-1.03,1.03
630,2022-04-29 11:36:17,2022-04-29 11:45:28,SPXW,4195.0,P,2022-04-29,0,True,True,bear,1,0,False,1,1,6.8,5.8,680.0,-100.0,-14.70588235294118,9.183333333333334,True,1-2,11:30,Friday,True,421.37,421.8914,below,-0.124,bear,-0.236,0.281,0.214,126.3,-0.968,PDL,0.903,-0.444,0.444
631,2022-04-29 11:44:16,2022-04-29 11:57:44,TSLA,950.0,C,2022-04-29,0,True,False,bull,3,0,False,1,2,0.64,0.4833333333333334,192.0,-46.99999999999997,-24.479166666666664,13.466666666666667,True,3-5,11:30,Friday,False,,,,,,,,,,,,,,
632,2022-04-29 14:51:05,2022-04-29 15:08:50,SPY,414.0,P,2022-04-29,0,True,True,bear,1,0,False,1,1,0.66,0.8,66.0,14.000000000000002,21.212121212121215,17.75,True,1-2,14:30,Friday,True,415.32,420.3658,below,-1.2,bear,-0.219,0.0,-0.477,321.1,-0.968,PDL,-0.546,-0.318,0.318
633,2022-05-02 09:36:29,2022-05-02 09:57:05,SPY,407.0,P,2022-05-02,0,True,True,bear,2,1,True,2,1,1.705,0.78,341.0,-185.0,-54.252199413489734,20.6,True,1-2,09:30,Monday,True,411.12,411.7,below,-0.141,bear,-0.382,0.069,,6.5,0.029,PDL,-0.024,-1.002,1.002
634,2022-05-02 10:22:04,2022-05-02 10:24:41,SPXW,4080.0,P,2022-05-02,0,True,True,bear,1,0,False,1,1,7.2,4.6,720.0,-260.00000000000006,-36.111111111111114,2.6166666666666667,True,1-2,10:00,Monday,True,412.18,411.5935,above,0.142,bear,-0.24,0.714,0.165,52.1,0.029,PDC,0.066,-1.014,1.014
635,2022-05-02 10:25:28,2022-05-02 10:35:40,SPXW,4200.0,C,2022-05-02,0,True,True,bull,2,0,False,1,2,4.1,7.3999999999999995,819.9999999999999,660.0,80.48780487804879,10.2,True,1-2,10:00,Monday,True,413.43,411.7026,above,0.42,bear,-0.171,0.986,0.216,55.5,0.029,PDC,0.369,1.589,1.589
636,2022-05-03 10:08:36,2022-05-03 10:11:39,SPXW,4100.0,P,2022-05-03,0,True,True,bear,2,0,False,1,2,3.8,4.4,760.0,120.00000000000011,15.789473684210531,3.05,True,1-2,10:00,Tuesday,True,415.99,414.8918,above,0.265,bull,0.455,0.981,0.132,38.6,0.094,PDH,0.029,-1.44,1.44
637,2022-05-03 10:57:31,2022-05-03 11:06:04,SPXW,4220.0,C,2022-05-03,0,True,True,bull,1,0,False,1,1,1.95,3.0,195.0,105.0,53.846153846153854,8.55,True,1-2,10:30,Tuesday,True,414.89,414.9378,below,-0.012,bull,0.188,0.459,0.039,87.5,0.094,PDC,0.07,1.714,1.714
638,2022-05-03 12:06:11,2022-05-03 12:09:55,SPXW,4100.0,P,2022-05-03,0,True,True,bear,1,0,False,1,1,1.0,1.2,100.0,19.999999999999996,19.999999999999996,3.7333333333333334,True,1-2,12:00,Tuesday,True,418.395,415.8649,above,0.608,bull,0.244,0.905,-0.066,156.2,0.094,PDH,0.607,-2.006,2.006
639,2022-05-04 09:49:54,2022-05-04 09:59:48,AMD,103.0,C,2022-05-06,2,False,False,bull,10,0,False,1,1,0.37,0.18,370.0,-190.00000000000003,-51.35135135135136,9.9,True,6-10,09:30,Wednesday,False,,,,,,,,,,,,,,
640,2022-05-04 10:06:48,2022-05-04 11:40:54,SPXW,4065.0,P,2022-05-04,0,True,True,bear,2,1,True,2,2,3.4,3.25,680.0,-29.999999999999982,-4.411764705882348,94.1,True,1-2,10:00,Wednesday,True,415.58,416.4292,below,-0.204,bear,-0.034,0.082,-0.166,36.8,0.178,PDC,-0.18,-2.185,2.185
641,2022-05-04 11:48:47,2022-05-04 12:42:01,SPXW,4250.0,C,2022-05-04,0,True,True,bull,1,0,False,1,1,3.3,5.8,330.0,250.0,75.75757575757575,53.233333333333334,True,1-2,11:30,Wednesday,True,414.41,415.4336,below,-0.246,bear,-0.108,0.189,0.034,138.8,0.178,PDL,0.247,2.555,2.555
642,2022-05-04 15:38:46,2022-05-05 09:46:50,SPY,450.0,C,2022-06-01,28,False,True,bull,2,0,False,1,1,1.75,0.99,350.0,-152.0,-43.42857142857143,1088.0666666666666,True,1-2,15:30,Wednesday,True,428.28,419.5888,above,2.071,bull,0.737,0.995,1.036,368.8,0.178,PDH,2.234,5.071,5.071
643,2022-05-05 09:45:29,2022-05-05 09:56:17,TSLA,870.0,P,2022-05-06,1,False,False,bear,2,0,False,1,1,3.05,3.45,610.0,80.00000000000007,13.11475409836067,10.8,True,1-2,09:30,Thursday,False,,,,,,,,,,,,,,
644,2022-05-05 09:57:58,2022-05-05 10:05:51,SPXW,4105.0,P,2022-05-06,1,False,True,bear,1,0,False,1,1,5.9,7.7,590.0,179.99999999999997,30.508474576271173,7.883333333333334,True,1-2,09:30,Thursday,True,421.91,423.4964,below,-0.375,bull,0.019,0.046,,28.0,-1.058,PDC,-1.671,-2.704,2.704
645,2022-05-05 11:01:30,2022-05-05 11:09:51,SPXW,4020.0,P,2022-05-06,1,False,True,bear,2,0,False,1,2,4.0,6.2,800.0,440.00000000000006,55.00000000000001,8.35,True,1-2,11:00,Thursday,True,416.765,420.4347,below,-0.873,bear,-0.532,0.161,-0.329,91.5,-1.058,PDL,0.736,-3.543,3.543
646,2022-05-05 11:32:17,2022-05-05 11:46:48,AAL,19.5,C,2022-05-06,1,False,False,bull,5,0,False,1,1,0.09,0.09,44.99999999999999,0.0,0.0,14.516666666666667,True,3-5,11:30,Thursday,False,,,,,,,,,,,,,,
647,2022-05-06 09:36:24,2022-05-06 10:00:18,SPXW,4000.0,P,2022-05-06,0,True,True,bear,3,0,False,1,3,4.6,6.566666666666666,1380.0,590.0,42.75362318840581,23.9,True,3-5,09:30,Friday,True,410.01,410.5733,below,-0.137,bear,-0.088,0.006,,6.4,-0.744,PDL,0.127,-2.441,2.441
648,2022-05-06 13:50:55,2022-05-06 13:54:20,SPXW,4050.0,P,2022-05-06,0,True,True,bear,2,0,False,1,1,2.25,2.65,450.0,79.99999999999999,17.777777777777782,3.4166666666666665,True,1-2,13:30,Friday,True,411.315,410.2238,above,0.266,bear,-0.019,0.619,0.018,260.9,-0.744,PDL,0.446,-1.535,1.535
649,2022-05-06 14:00:05,2022-05-06 14:02:26,SPXW,4060.0,P,2022-05-06,0,True,True,bear,2,0,False,1,1,3.8,2.9,760.0,-179.99999999999997,-23.684210526315784,2.35,True,1-2,14:00,Friday,True,410.115,410.2234,below,-0.026,bear,-0.107,0.486,-0.419,270.1,-0.744,PDL,0.153,-1.003,1.003
650,2022-05-09 09:34:21,2022-05-09 10:00:22,SPXW,3970.0,P,2022-05-09,0,True,True,bear,3,1,True,2,1,3.0,4.0,900.0,300.0,33.33333333333333,26.016666666666666,True,3-5,09:30,Monday,False,,,,,,,,,,,,,,
651,2022-05-09 11:07:01,2022-05-09 11:33:29,SPXW,3950.0,P,2022-05-09,0,True,True,bear,3,1,True,2,2,2.9,3.4333333333333336,869.9999999999999,160.00000000000014,18.39080459770117,26.466666666666665,True,3-5,11:00,Monday,True,401.32,403.7129,below,-0.593,bear,-0.457,0.107,-0.325,97.0,-1.567,PDL,-1.087,-1.575,1.575
652,2022-05-09 15:39:24,2022-05-10 09:31:44,K,72.5,P,2022-05-20,11,False,False,bear,2,0,False,1,1,0.75,0.8,150.0,10.000000000000009,6.666666666666665,1072.3333333333333,True,1-2,15:30,Monday,False,,,,,,,,,,,,,,
653,2022-05-09 15:40:24,2022-05-10 13:59:59,DWAC,41.0,P,2022-05-13,4,False,False,bear,1,0,False,1,1,1.75,1.87,175.0,12.00000000000001,6.857142857142873,1339.5833333333333,True,1-2,15:30,Monday,False,,,,,,,,,,,,,,
654,2022-05-10 09:35:42,2022-05-10 09:53:34,SPXW,3975.0,P,2022-05-10,0,True,True,bear,3,1,True,2,2,4.433333333333334,5.633333333333333,1330.0,359.9999999999998,27.067669172932305,17.866666666666667,True,3-5,09:30,Tuesday,True,404.77,405.155,below,-0.095,bear,-0.016,0.103,,5.7,1.617,PDH,-0.389,-1.796,1.796
655,2022-05-10 11:22:18,2022-05-10 11:27:25,SPXW,3925.0,P,2022-05-10,0,True,True,bear,2,0,False,1,2,3.5,4.449999999999999,700.0,189.99999999999986,27.142857142857114,5.116666666666666,True,1-2,11:00,Tuesday,True,398.12,402.2124,below,-1.017,bear,-0.37,0.197,-0.266,112.3,1.617,PDC,-0.035,-1.412,1.412
656,2022-05-10 11:30:28,2022-05-10 11:41:47,SPXW,4070.0,C,2022-05-10,0,True,True,bull,1,0,False,1,1,1.25,1.7,125.0,44.99999999999999,35.999999999999986,11.316666666666666,True,1-2,11:30,Tuesday,True,397.23,401.9125,below,-1.165,bear,-0.394,0.122,-0.434,120.5,1.617,PDL,0.179,2.46,2.46
657,2022-05-10 12:37:40,2022-05-10 13:37:45,SPXW,3800.0,P,2022-05-11,1,False,True,bear,3,2,True,3,1,1.8166666666666667,0.8000000000000002,545.0,-305.0,-55.96330275229357,60.083333333333336,True,3-5,12:30,Tuesday,True,395.33,400.8728,below,-1.383,bear,-0.279,0.045,-0.776,187.7,1.617,PDL,-0.3,-3.878,3.878
658,2022-05-10 13:41:35,2022-05-10 13:44:18,SPXW,4055.0,C,2022-05-10,0,True,True,bull,1,0,False,1,1,4.9,5.4,490.00000000000006,50.0,10.20408163265305,2.716666666666667,True,1-2,13:30,Tuesday,True,400.575,400.2325,above,0.086,bull,0.163,0.511,0.72,251.6,1.617,PDC,0.581,1.229,1.229
659,2022-05-10 13:44:07,2022-05-10 13:51:18,SPXW,4080.0,C,2022-05-10,0,True,True,bull,2,0,False,1,1,2.0,2.5,400.0,100.0,25.0,7.183333333333334,True,1-2,13:30,Tuesday,True,400.575,400.2325,above,0.086,bull,0.163,0.511,0.72,254.1,1.617,PDC,0.581,1.854,1.854
660,2022-05-11 09:33:25,2022-05-11 09:34:55,SPXW,3900.0,P,2022-05-11,0,True,True,bear,2,0,False,1,1,4.4,5.9,880.0000000000001,300.0,34.09090909090908,1.5,True,1-2,09:30,Wednesday,False,,,,,,,,,,,,,,
661,2022-05-11 09:36:29,2022-05-11 09:47:58,SPXW,3880.0,P,2022-05-11,0,True,True,bear,4,2,True,3,1,3.3375,1.6,1335.0,-694.9999999999999,-52.059925093632955,11.483333333333333,True,3-5,09:30,Wednesday,True,397.17,397.9,below,-0.183,bear,-0.206,0.108,,6.5,-0.258,PDC,-0.479,-2.309,2.309
662,2022-05-11 09:48:51,2022-05-11 09:53:12,SPXW,4100.0,C,2022-05-11,0,True,True,bull,1,0,False,1,1,7.3,6.5,730.0,-79.99999999999999,-10.95890410958904,4.35,True,1-2,09:30,Wednesday,True,400.45,397.9712,above,0.623,bear,-0.16,0.975,,18.9,-0.258,PDC,0.343,2.385,2.385
663,2022-05-11 09:55:44,2022-05-11 10:21:57,SPXW,3930.0,P,2022-05-11,0,True,True,bear,2,0,False,1,1,4.4,2.8,880.0000000000001,-320.0000000000001,-36.363636363636374,26.216666666666665,True,1-2,09:30,Wednesday,True,402.38,399.6429,above,0.685,bull,0.054,0.888,,25.7,-0.258,PDC,0.827,-2.331,2.331
664,2022-05-11 10:25:20,2022-05-11 10:31:21,SPXW,4110.0,C,2022-05-11,0,True,True,bull,1,0,False,1,1,4.6,3.1,459.99999999999994,-149.99999999999994,-32.6086956521739,6.016666666666667,True,1-2,10:00,Wednesday,True,402.905,400.4337,above,0.617,bull,0.164,0.943,0.13,55.3,-0.258,PDH,-0.781,2.009,2.009
665,2022-05-12 09:37:25,2022-05-12 11:09:22,SPXW,3700.0,P,2022-05-13,1,False,True,bear,2,1,True,2,1,2.15,0.45,430.0,-340.0,-79.06976744186046,91.95,True,1-2,09:30,Thursday,True,388.21,388.9417,below,-0.188,bear,-0.429,0.082,,7.4,-0.815,PDL,-0.964,-4.691,4.691
666,2022-05-12 09:45:40,2022-05-12 11:13:53,NVDA,200.0,C,2022-05-27,15,False,False,bull,1,0,False,1,1,1.69,2.16,169.0,47.00000000000002,27.810650887573974,88.21666666666667,True,1-2,09:30,Thursday,False,,,,,,,,,,,,,,
667,2022-05-12 09:50:45,2022-05-12 11:09:18,SPXW,3750.0,P,2022-05-13,1,False,True,bear,6,3,True,4,1,3.3000000000000003,1.0,1980.0,-1380.0,-69.6969696969697,78.55,True,6-10,09:30,Thursday,True,389.57,388.7275,above,0.217,bear,-0.553,0.603,,20.8,-0.815,PDL,-0.617,-3.74,3.74
668,2022-05-12 10:11:54,2022-05-12 10:13:11,SPXW,4075.0,C,2022-05-13,1,False,True,bull,1,0,False,1,1,4.1,4.0,409.99999999999994,-9.999999999999964,-2.4390243902438935,1.2833333333333334,True,1-2,10:00,Thursday,True,390.99,388.859,above,0.548,bear,-0.442,0.907,0.945,41.9,-0.815,PDL,-0.255,4.223,4.223
669,2022-05-12 11:16:15,2022-05-12 11:54:19,SPXW,3810.0,P,2022-05-13,1,False,True,bear,1,0,False,1,1,4.2,8.1,420.0,389.99999999999994,92.85714285714283,38.06666666666667,True,1-2,11:00,Thursday,True,394.08,390.9253,above,0.807,bull,0.22,0.812,0.718,106.2,-0.815,PDC,0.346,-3.319,3.319
670,2022-05-13 09:35:13,2022-05-13 09:51:13,SPXW,3900.0,P,2022-05-13,0,True,True,bear,1,0,False,1,1,6.8,3.8,680.0,-300.0,-44.11764705882353,16.0,True,1-2,09:30,Friday,True,396.19,396.5467,below,-0.09,bull,0.506,0.0,,5.2,1.124,PDH,0.116,-1.562,1.562
671,2022-05-13 09:43:52,2022-05-13 10:15:36,TSLA,800.0,C,2022-05-13,0,True,False,bull,1,0,False,1,1,2.09,1.1,209.0,-98.99999999999997,-47.36842105263157,31.733333333333334,True,1-2,09:30,Friday,False,,,,,,,,,,,,,,
672,2022-05-13 09:51:37,2022-05-13 10:03:52,SPXW,4065.0,C,2022-05-13,0,True,True,bull,2,0,False,1,1,2.5,3.5,500.0,200.0,39.99999999999999,12.25,True,1-2,09:30,Friday,True,397.06,396.7585,above,0.076,bull,0.804,0.636,,21.6,1.124,PDH,0.336,2.377,2.377
673,2022-05-13 10:23:25,2022-05-13 10:45:51,SPXW,4065.0,C,2022-05-13,0,True,True,bull,1,0,False,1,1,4.3,1.8,430.0,-250.0,-58.13953488372092,22.433333333333334,True,1-2,10:00,Friday,True,399.8,398.16,above,0.412,bull,0.908,0.919,0.69,53.4,1.124,PDH,1.028,1.676,1.676
674,2022-05-16 09:33:24,2022-05-16 10:07:28,SPXW,3930.0,P,2022-05-16,0,True,True,bear,3,1,True,2,1,2.8666666666666667,2.7000000000000006,860.0,-49.99999999999982,-5.81395348837207,34.06666666666667,True,3-5,09:30,Monday,False,,,,,,,,,,,,,,
675,2022-05-16 10:10:20,2022-05-16 10:12:18,SPXW,3930.0,P,2022-05-16,0,True,True,bear,2,0,False,1,1,2.4,1.5,480.0,-179.99999999999997,-37.5,1.9666666666666666,True,1-2,10:00,Monday,True,400.01,399.4873,above,0.131,bear,-0.123,0.655,-0.252,40.3,-0.396,PDC,-0.398,-1.752,1.752
676,2022-05-17 09:51:32,2022-05-17 09:55:45,SPXW,4000.0,P,2022-05-17,0,True,True,bear,1,0,False,1,1,3.1,3.6,310.0,50.0,16.129032258064523,4.216666666666667,True,1-2,09:30,Tuesday,True,404.88,405.8063,below,-0.228,bull,0.26,0.0,,21.5,1.559,PDH,0.233,-1.205,1.205
677,2022-05-17 10:28:37,2022-05-17 10:32:14,SPXW,4100.0,C,2022-05-17,0,True,True,bull,1,0,False,1,1,2.95,2.3,295.0,-65.00000000000003,-22.033898305084755,3.6166666666666667,True,1-2,10:00,Tuesday,True,405.4,405.5951,below,-0.048,bull,0.281,0.444,0.19,58.6,1.559,PDH,0.361,1.135,1.135
678,2022-05-17 10:36:07,2022-05-17 11:05:18,SPXW,3950.0,P,2022-05-17,0,True,True,bear,1,0,False,1,1,0.5,0.25,50.0,-25.0,-50.0,29.183333333333334,True,1-2,10:30,Tuesday,True,404.34,405.5199,below,-0.291,bull,0.191,0.066,-0.388,66.1,1.559,PDH,0.099,-2.31,2.31
679,2022-05-17 10:49:24,2022-05-17 11:05:12,SPXW,3980.0,P,2022-05-17,0,True,True,bear,3,1,True,2,1,1.8666666666666665,1.0,560.0,-259.99999999999994,-46.428571428571416,15.8,True,3-5,10:30,Tuesday,True,403.23,405.2888,below,-0.508,bull,0.087,0.029,-0.467,79.4,1.559,PDH,-0.176,-1.297,1.297
680,2022-05-23 09:53:45,2022-05-23 10:05:56,SPXW,3845.0,P,2022-05-23,0,True,True,bear,2,0,False,1,2,2.15,3.3,430.0,229.99999999999997,53.48837209302326,12.183333333333334,True,1-2,09:30,Monday,True,393.75,392.647,above,0.281,bull,0.81,0.802,,23.8,0.86,PDH,-0.003,-2.349,2.349
681,2022-05-23 10:17:03,2022-05-23 10:23:01,SPXW,3845.0,P,2022-05-23,0,True,True,bear,1,0,False,1,1,2.4,1.45,240.0,-95.0,-39.583333333333336,5.966666666666667,True,1-2,10:00,Monday,True,392.05,392.3375,below,-0.073,bull,0.574,0.413,-0.253,47.0,0.86,PDH,-0.434,-1.926,1.926
682,2022-05-23 14:01:58,2022-05-23 14:23:18,SPXW,4100.0,C,2022-05-24,1,False,True,bull,1,0,False,1,1,0.5,0.55,50.0,5.000000000000004,10.000000000000009,21.333333333333332,True,1-2,14:00,Monday,True,396.63,394.4371,above,0.556,bull,0.052,0.864,0.385,272.0,0.86,PDH,0.729,3.371,3.371
683,2022-05-24 09:33:51,2022-05-24 09:40:11,SPXW,3850.0,P,2022-05-24,0,True,True,bear,1,0,False,1,1,2.65,2.85,265.0,20.000000000000018,7.547169811320753,6.333333333333333,True,1-2,09:30,Tuesday,False,,,,,,,,,,,,,,
684,2022-05-24 09:52:41,2022-05-24 10:00:24,SPXW,3850.0,P,2022-05-24,0,True,True,bear,2,0,False,1,2,2.3,3.2,459.99999999999994,180.00000000000006,39.13043478260872,7.716666666666667,True,1-2,09:30,Tuesday,True,391.46,392.0122,below,-0.141,bear,-0.385,0.09,,22.7,-1.107,PDL,0.272,-1.65,1.65
685,2022-05-24 10:01:51,2022-05-24 10:18:17,SPXW,3815.0,P,2022-05-24,0,True,True,bear,1,0,False,1,1,1.05,2.25,105.0,120.0,114.28571428571428,16.433333333333334,True,1-2,10:00,Tuesday,True,390.75,391.8108,below,-0.271,bear,-0.444,0.021,,31.9,-1.107,PDL,0.09,-2.367,2.367
686,2022-05-25 09:41:02,2022-05-25 09:43:07,SPXW,4020.0,C,2022-05-25,0,True,True,bull,1,0,False,1,1,2.85,2.2,285.0,-64.99999999999999,-22.807017543859644,2.0833333333333335,True,1-2,09:30,Wednesday,True,394.52,393.7634,above,0.192,bull,0.221,0.863,,11.0,-0.439,PDC,0.122,1.896,1.896
687,2022-05-25 09:44:08,2022-05-25 10:19:14,SPXW,4020.0,C,2022-05-25,0,True,True,bull,2,1,True,2,2,2.2,3.1,440.00000000000006,179.99999999999997,40.90909090909089,35.1,True,1-2,09:30,Wednesday,True,394.52,393.7634,above,0.192,bull,0.221,0.863,,14.1,-0.439,PDC,0.122,1.896,1.896
688,2022-05-25 09:58:37,2022-05-25 10:30:40,TSLA,700.0,C,2022-05-27,2,False,False,bull,1,0,False,1,1,2.88,3.5,288.0,62.000000000000014,21.52777777777779,32.05,True,1-2,09:30,Wednesday,False,,,,,,,,,,,,,,
689,2022-05-25 14:03:13,2022-05-25 14:04:21,SPXW,3875.0,P,2022-05-25,0,True,True,bear,1,0,False,1,1,0.65,0.7,65.0,4.999999999999993,7.692307692307687,1.1333333333333333,True,1-2,14:00,Wednesday,True,394.52,394.9603,below,-0.111,bull,0.011,0.47,0.0,273.2,-0.439,PDC,0.122,-1.779,1.779
690,2022-05-25 14:05:52,2022-05-25 14:07:28,SPXW,3860.0,P,2022-05-25,0,True,True,bear,1,0,False,1,1,0.6,1.2,60.0,60.0,100.0,1.6,True,1-2,14:00,Wednesday,True,395.5,394.9792,above,0.132,bull,0.041,0.65,0.231,275.9,-0.439,PDH,0.089,-2.402,2.402
691,2022-05-25 14:09:20,2022-05-25 14:10:15,SPXW,3860.0,P,2022-05-25,0,True,True,bear,1,0,False,1,1,1.15,0.55,114.99999999999999,-59.999999999999986,-52.17391304347825,0.9166666666666666,True,1-2,14:00,Wednesday,True,395.5,394.9792,above,0.132,bull,0.041,0.65,0.231,279.3,-0.439,PDH,0.089,-2.402,2.402
692,2022-05-25 14:11:22,2022-05-25 14:17:09,SPXW,4010.0,C,2022-05-25,0,True,True,bull,1,0,False,1,1,1.25,2.05,125.0,79.99999999999999,63.99999999999999,5.783333333333333,True,1-2,14:00,Wednesday,True,394.0,394.9354,below,-0.237,bull,0.012,0.374,-0.187,281.4,-0.439,PDC,-0.01,1.777,1.777
693,2022-05-26 09:31:52,2022-05-26 09:33:37,SPXW,3905.0,P,2022-05-26,0,True,True,bear,1,0,False,1,1,1.85,1.45,185.0,-40.000000000000014,-21.62162162162162,1.75,True,1-2,09:30,Thursday,False,,,,,,,,,,,,,,
694,2022-05-26 09:35:01,2022-05-26 09:51:58,SPXW,4075.0,C,2022-05-26,0,True,True,bull,1,0,False,1,1,1.75,2.8,175.0,104.99999999999999,59.999999999999986,16.95,True,1-2,09:30,Thursday,True,400.28,399.7167,above,0.141,bull,0.168,0.967,,5.0,0.284,PDH,0.213,1.804,1.804
695,2022-05-26 09:41:10,2022-05-26 10:01:13,SPXW,4070.0,C,2022-05-26,0,True,True,bull,1,0,False,1,1,2.7,4.0,270.0,129.99999999999997,48.14814814814814,20.05,True,1-2,09:30,Thursday,True,401.19,400.2503,above,0.235,bull,0.248,0.899,,11.2,0.284,PDH,0.441,1.448,1.448
696,2022-05-26 09:56:16,2022-05-26 10:34:13,SPXW,4095.0,C,2022-05-26,0,True,True,bull,3,0,False,1,1,0.6999999999999998,0.4000000000000001,209.99999999999997,-89.99999999999994,-42.85714285714284,37.95,True,3-5,09:30,Thursday,True,402.41,401.0579,above,0.337,bull,0.396,0.96,,26.3,0.284,PDH,0.746,1.762,1.762
697,2022-05-26 10:07:37,2022-05-26 11:16:45,SPXW,4075.0,C,2022-05-26,0,True,True,bull,2,1,True,2,2,2.85,4.0,570.0,229.99999999999997,40.35087719298245,69.13333333333334,True,1-2,10:00,Thursday,True,402.6,401.3095,above,0.322,bull,0.441,0.92,0.58,37.6,0.284,PDH,0.794,1.217,1.217
698,2022-05-26 13:34:35,2022-05-26 14:37:13,SPXW,4090.0,C,2022-05-26,0,True,True,bull,1,0,False,1,1,1.75,0.45,175.0,-130.0,-74.28571428571429,62.63333333333333,True,1-2,13:30,Thursday,True,405.61,403.8402,above,0.438,bull,0.118,0.836,-0.177,244.6,0.284,PDH,1.547,0.836,0.836
699,2022-05-27 09:36:38,2022-05-27 09:55:32,SPXW,4140.0,C,2022-05-27,0,True,True,bull,2,0,False,1,2,2.55,4.4,509.99999999999994,370.0000000000001,72.54901960784316,18.9,True,1-2,09:30,Friday,True,408.71,408.52,above,0.047,bull,0.093,0.718,,6.6,0.651,PDH,0.413,1.294,1.294
700,2022-05-27 09:47:32,2022-05-27 10:08:20,TSLA,800.0,C,2022-05-27,0,True,False,bull,1,0,False,1,1,0.38,0.2,38.0,-18.0,-47.36842105263158,20.8,True,1-2,09:30,Friday,False,,,,,,,,,,,,,,
701,2022-05-27 09:52:05,2022-05-27 09:57:25,SPXW,4160.0,C,2022-05-27,0,True,True,bull,1,0,False,1,1,1.2,1.7,120.0,50.0,41.66666666666667,5.333333333333333,True,1-2,09:30,Friday,True,410.53,409.3544,above,0.287,bull,0.318,0.942,,22.1,0.651,PDH,0.86,1.332,1.332
702,2022-05-27 10:01:21,2022-05-27 10:10:30,SPXW,4040.0,P,2022-05-27,0,True,True,bear,1,0,False,1,1,1.45,1.05,145.0,-39.99999999999999,-27.586206896551722,9.15,True,1-2,10:00,Friday,True,411.02,410.0135,above,0.245,bull,0.413,0.862,,31.4,0.651,PDH,0.98,-1.708,1.708
703,2022-05-27 10:04:43,2022-05-27 10:42:34,SBUX,76.0,C,2022-05-27,0,True,False,bull,2,0,False,1,1,0.32,0.22,64.0,-20.0,-31.25,37.85,True,1-2,10:00,Friday,False,,,,,,,,,,,,,,
704,2022-05-27 10:16:10,2022-05-27 10:46:43,SPXW,4160.0,C,2022-05-27,0,True,True,bull,2,1,True,2,1,1.375,0.7,275.0,-135.0,-49.09090909090909,30.55,True,1-2,10:00,Friday,True,411.54,410.4514,above,0.265,bull,0.452,0.957,0.537,46.2,0.651,PDH,1.108,1.084,1.084
705,2022-05-27 12:33:46,2022-05-27 15:06:34,SPXW,4145.0,C,2022-05-27,0,True,True,bull,2,1,True,2,2,2.275,3.5999999999999996,455.0,264.99999999999994,58.241758241758234,152.8,True,1-2,12:30,Friday,True,412.35,411.1171,above,0.3,bull,0.108,0.9,-0.041,183.8,0.651,PDH,1.307,0.521,0.521
706,2022-05-27 13:03:54,2022-05-27 14:27:11,TSLA,765.0,C,2022-05-27,0,True,False,bull,1,0,False,1,1,0.66,0.69,66.0,2.9999999999999916,4.545454545454541,83.28333333333333,True,1-2,13:00,Friday,False,,,,,,,,,,,,,,
707,2022-05-31 09:33:27,2022-05-31 09:44:30,SPXW,4050.0,P,2022-05-31,0,True,True,bear,2,0,False,1,2,3.4,4.45,680.0,210.00000000000006,30.88235294117647,11.05,True,1-2,09:30,Tuesday,False,,,,,,,,,,,,,,
708,2022-05-31 09:49:25,2022-05-31 10:20:16,SPXW,4050.0,P,2022-05-31,0,True,True,bear,3,2,True,3,2,2.8000000000000003,2.35,1120.0,-180.00000000000006,-16.07142857142858,30.85,True,3-5,09:30,Tuesday,True,410.4,411.7075,below,-0.318,bear,-0.127,0.042,,19.4,-0.423,PDL,0.645,-1.316,1.316
709,2022-05-31 10:24:32,2022-05-31 10:27:03,SPXW,4070.0,P,2022-05-31,0,True,True,bear,1,0,False,1,1,2.6,2.7,260.0,10.000000000000009,3.8461538461538547,2.5166666666666666,True,1-2,10:00,Tuesday,True,411.8,411.3189,above,0.117,bear,-0.179,0.463,0.29,54.5,-0.423,PDH,-0.855,-1.166,1.166
710,2022-05-31 10:30:30,2022-05-31 10:43:36,SPXW,4065.0,P,2022-05-31,0,True,True,bear,1,0,False,1,1,2.35,1.05,235.0,-130.0,-55.319148936170215,13.1,True,1-2,10:30,Tuesday,True,411.67,411.4428,above,0.055,bear,-0.115,0.429,0.078,60.5,-0.423,PDH,-0.886,-1.256,1.256
711,2022-06-01 09:52:18,2022-06-01 10:00:26,SPXW,4200.0,C,2022-06-01,0,True,True,bull,1,0,False,1,1,3.5,1.95,350.0,-155.0,-44.285714285714285,8.133333333333333,True,1-2,09:30,Wednesday,True,414.31,415.2935,below,-0.237,bull,0.014,0.123,,22.3,0.528,PDC,0.327,1.373,1.373
712,2022-06-01 10:01:11,2022-06-01 10:09:15,SPXW,4100.0,P,2022-06-01,0,True,True,bear,1,0,False,1,1,4.2,6.9,420.0,270.0,64.28571428571428,8.066666666666666,True,1-2,10:00,Wednesday,True,414.96,415.2243,below,-0.064,bull,0.048,0.418,,31.2,0.528,PDH,-0.358,-1.195,1.195
713,2022-06-01 10:16:22,2022-06-01 10:20:11,SPXW,4065.0,P,2022-06-01,0,True,True,bear,2,0,False,1,1,2.8,3.2,560.0,80.00000000000007,14.285714285714302,3.816666666666667,True,1-2,10:00,Wednesday,True,412.03,414.4846,below,-0.592,bear,-0.097,0.037,-0.665,46.4,0.528,PDC,-0.225,-1.342,1.342
714,2022-06-01 10:20:35,2022-06-01 10:28:55,SPXW,4200.0,C,2022-06-01,0,True,True,bull,3,0,False,1,1,0.65,0.45,195.00000000000003,-60.00000000000001,-30.76923076923077,8.333333333333334,True,3-5,10:00,Wednesday,True,410.75,413.8804,below,-0.756,bear,-0.18,0.004,-0.859,50.6,0.528,PDL,0.176,2.252,2.252
715,2022-06-01 10:28:07,2022-06-01 10:37:51,SPXW,4070.0,P,2022-06-01,0,True,True,bear,1,0,False,1,1,4.3,6.3,430.0,200.0,46.51162790697674,9.733333333333333,True,1-2,10:00,Wednesday,True,410.79,413.5335,below,-0.663,bear,-0.235,0.011,-1.053,58.1,0.528,PDL,0.185,-0.923,0.923
716,2022-06-01 10:31:52,2022-06-01 10:35:06,SPXW,4165.0,C,2022-06-01,0,True,True,bull,1,0,False,1,1,2.25,1.45,225.0,-80.0,-35.555555555555564,3.2333333333333334,True,1-2,10:30,Wednesday,True,410.31,413.3119,below,-0.726,bear,-0.284,0.007,-1.121,61.9,0.528,PDL,0.068,1.509,1.509
717,2022-06-01 11:51:33,2022-06-01 12:46:00,SPY,413.0,C,2022-06-01,0,True,True,bull,1,0,False,1,1,0.18,0.12,18.0,-6.0,-33.333333333333336,54.45,True,1-2,11:30,Wednesday,True,407.54,411.5134,below,-0.966,bear,-0.336,0.0,-0.452,141.6,0.528,PDL,-0.607,1.34,1.34
718,2022-06-02 09:31:50,2022-06-02 09:49:40,SPXW,4000.0,P,2022-06-02,0,True,True,bear,3,2,True,3,1,0.9166666666666666,0.4000000000000001,275.0,-154.99999999999997,-56.363636363636346,17.833333333333332,True,3-5,09:30,Thursday,False,,,,,,,,,,,,,,
719,2022-06-02 09:55:32,2022-06-02 10:14:14,SPXW,4140.0,C,2022-06-02,0,True,True,bull,2,1,True,2,2,2.2,4.1,440.00000000000006,379.9999999999999,86.36363636363633,18.7,True,1-2,09:30,Thursday,True,408.44,408.7576,below,-0.078,bear,-0.186,0.418,,25.5,-0.056,PDC,-0.286,1.361,1.361
720,2022-06-02 10:18:47,2022-06-02 11:13:38,SPXW,4150.0,C,2022-06-02,0,True,True,bull,4,2,True,3,3,1.825,2.8,730.0,389.99999999999994,53.42465753424656,54.85,True,3-5,10:00,Thursday,True,410.38,408.807,above,0.385,bear,-0.15,0.947,0.323,48.8,-0.056,PDC,0.188,1.126,1.126
721,2022-06-02 12:17:19,2022-06-02 12:40:26,SPXW,4175.0,C,2022-06-02,0,True,True,bull,2,0,False,1,2,0.75,1.575,150.0,165.0,110.00000000000001,23.116666666666667,True,1-2,12:00,Thursday,True,412.65,410.0447,above,0.635,bull,0.209,0.89,0.093,167.3,-0.056,PDC,0.742,1.175,1.175
722,2022-06-03 09:42:57,2022-06-03 10:02:18,TSLA,700.0,P,2022-06-03,0,True,False,bear,1,0,False,1,1,3.65,1.5,365.0,-215.0,-58.904109589041084,19.35,True,1-2,09:30,Friday,False,,,,,,,,,,,,,,
723,2022-06-03 10:02:48,2022-06-03 10:21:43,SPXW,4180.0,C,2022-06-03,0,True,True,bull,1,0,False,1,1,5.3,2.6,530.0,-270.0,-50.94339622641508,18.916666666666668,True,1-2,10:00,Friday,True,413.13,412.6927,above,0.106,bear,-0.233,0.677,,32.8,-1.179,PDC,-1.016,1.179,1.179
724,2022-06-03 10:40:32,2022-06-03 10:44:59,SPXW,4065.0,P,2022-06-03,0,True,True,bear,1,0,False,1,1,3.5,2.4,350.0,-110.00000000000001,-31.428571428571427,4.45,True,1-2,10:30,Friday,True,411.195,412.7199,below,-0.369,bear,-0.214,0.055,-0.518,70.5,-1.179,PDL,1.013,-1.142,1.142
725,2022-06-03 10:55:19,2022-06-03 11:12:13,TSLA,700.0,P,2022-06-03,0,True,False,bear,1,0,False,1,1,3.9,7.0,390.0,310.0,79.48717948717949,16.9,True,1-2,10:30,Friday,False,,,,,,,,,,,,,,
726,2022-06-03 11:26:37,2022-06-03 13:15:27,SPXW,4150.0,C,2022-06-03,0,True,True,bull,4,0,False,1,3,2.4,4.25,960.0,740.0,77.08333333333334,108.83333333333333,True,3-5,11:00,Friday,True,409.925,412.1966,below,-0.551,bear,-0.29,0.054,-0.346,116.6,-1.179,PDL,0.701,1.238,1.238
727,2022-06-06 09:30:53,2022-06-06 09:38:55,AMZN,130.0,C,2022-06-10,4,False,False,bull,1,0,False,1,1,1.9,1.17,190.0,-73.0,-38.421052631578945,8.033333333333333,True,1-2,09:30,Monday,False,,,,,,,,,,,,,,
728,2022-06-06 09:36:57,2022-06-06 10:00:39,SPXW,4090.0,P,2022-06-06,0,True,True,bear,1,0,False,1,1,2.85,1.1,285.0,-175.0,-61.403508771929815,23.7,True,1-2,09:30,Monday,True,414.76,414.81,below,-0.012,bull,0.086,0.418,,7.0,1.045,PDH,0.179,-1.389,1.389
729,2022-06-06 10:03:32,2022-06-06 11:09:39,SPXW,4200.0,C,2022-06-06,0,True,True,bull,4,2,True,3,1,2.2875,0.95,915.0,-535.0,-58.46994535519126,66.11666666666666,True,3-5,10:00,Monday,True,415.08,414.5314,above,0.132,bull,0.306,0.781,,33.5,1.045,PDH,0.256,1.185,1.185
730,2022-06-06 10:36:24,2022-06-06 11:08:11,TSLA,800.0,C,2022-06-10,4,False,False,bull,1,0,False,1,1,5.0,3.6,500.0,-140.0,-28.000000000000004,31.783333333333335,True,1-2,10:30,Monday,False,,,,,,,,,,,,,,
731,2022-06-06 11:11:12,2022-06-06 11:18:03,SPXW,4115.0,P,2022-06-06,0,True,True,bear,4,0,False,1,4,2.55,5.449999999999999,1019.9999999999999,1159.9999999999998,113.72549019607843,6.85,True,3-5,11:00,Monday,True,415.3,415.5177,below,-0.052,bull,0.185,0.555,-0.178,101.2,1.045,PDH,0.309,-0.915,0.915
732,2022-06-06 13:42:05,2022-06-06 13:48:29,SPXW,4160.0,C,2022-06-06,0,True,True,bull,3,0,False,1,2,1.75,1.6833333333333336,525.0,-19.99999999999993,-3.809523809523796,6.4,True,3-5,13:30,Monday,True,412.89,414.0026,below,-0.269,bear,-0.037,0.355,0.17,252.1,1.045,PDH,-0.273,0.753,0.753
733,2022-06-06 13:51:03,2022-06-06 14:15:01,SPXW,4160.0,C,2022-06-06,0,True,True,bull,1,0,False,1,1,2.05,1.05,204.99999999999997,-99.99999999999997,-48.78048780487805,23.966666666666665,True,1-2,13:30,Monday,True,413.32,413.9684,below,-0.157,bull,0.029,0.43,0.379,261.1,1.045,PDH,-0.169,0.648,0.648
734,2022-06-07 09:37:29,2022-06-07 09:51:49,SPXW,4150.0,C,2022-06-07,0,True,True,bull,1,0,False,1,1,1.95,2.4,195.0,44.99999999999999,23.076923076923084,14.333333333333334,True,1-2,09:30,Tuesday,True,409.18,408.71,above,0.115,bear,-0.114,0.922,,7.5,-0.882,PDL,-0.339,1.422,1.422
735,2022-06-07 09:49:53,2022-06-07 10:22:40,SPXW,4020.0,P,2022-06-07,0,True,True,bear,4,1,True,2,1,0.9625000000000001,0.5,385.00000000000006,-185.00000000000006,-48.05194805194806,32.78333333333333,True,3-5,09:30,Tuesday,True,409.49,408.9249,above,0.138,bear,-0.189,0.989,,19.9,-0.882,PDL,-0.263,-1.829,1.829
736,2022-06-07 10:08:28,2022-06-07 10:17:11,HUSA,7.0,C,2022-06-17,10,False,False,bull,1,0,False,1,1,0.6,0.65,60.0,5.000000000000004,8.333333333333348,8.716666666666667,True,1-2,10:00,Tuesday,False,,,,,,,,,,,,,,
737,2022-06-07 10:10:37,2022-06-07 10:24:27,MSFT,262.5,P,2022-06-10,3,False,False,bear,1,0,False,1,1,1.78,1.49,178.0,-29.000000000000004,-16.29213483146068,13.833333333333334,True,1-2,10:00,Tuesday,False,,,,,,,,,,,,,,
738,2022-06-07 10:32:36,2022-06-07 10:37:12,SPXW,4160.0,C,2022-06-07,0,True,True,bull,1,0,False,1,1,2.0,3.4,200.0,140.0,70.0,4.6,True,1-2,10:30,Tuesday,True,411.34,409.5552,above,0.436,bear,-0.077,0.967,0.408,62.6,-0.882,PDC,-0.085,1.133,1.133
739,2022-06-07 10:34:00,2022-06-07 10:39:54,SPXW,4165.0,C,2022-06-07,0,True,True,bull,2,0,False,1,2,1.6,2.975,320.0,275.0,85.9375,5.9,True,1-2,10:30,Tuesday,True,411.34,409.5552,above,0.436,bear,-0.077,0.967,0.408,64.0,-0.882,PDC,-0.085,1.254,1.254
740,2022-06-07 10:48:38,2022-06-07 10:55:38,SPXW,4175.0,C,2022-06-07,0,True,True,bull,2,0,False,1,1,2.0,1.45,400.0,-110.00000000000001,-27.500000000000004,7.0,True,1-2,10:30,Tuesday,True,413.09,409.9904,above,0.756,bull,0.124,0.94,0.906,78.6,-0.882,PDC,0.34,1.068,1.068
741,2022-06-07 12:48:16,2022-06-07 13:34:32,SPXW,4160.0,C,2022-06-07,0,True,True,bull,2,0,False,1,2,1.1,1.3250000000000002,220.00000000000003,45.000000000000014,20.45454545454546,46.266666666666666,True,1-2,12:30,Tuesday,True,412.14,411.1861,above,0.232,bull,0.006,0.751,0.173,198.3,-0.882,PDC,0.109,0.937,0.937
742,2022-06-07 13:37:46,2022-06-07 13:47:00,SPXW,4110.0,P,2022-06-07,0,True,True,bear,1,0,False,1,1,2.25,1.7,225.0,-55.00000000000001,-24.444444444444446,9.233333333333333,True,1-2,13:30,Tuesday,True,413.13,411.4543,above,0.407,bull,0.122,0.917,0.078,247.8,-0.882,PDC,0.35,-0.516,0.516
743,2022-06-07 13:53:03,2022-06-07 13:56:19,SPXW,4155.0,C,2022-06-07,0,True,True,bull,1,0,False,1,1,2.4,1.45,240.0,-95.0,-39.583333333333336,3.2666666666666666,True,1-2,13:30,Tuesday,True,413.19,411.502,above,0.41,bull,0.107,0.927,-0.027,263.1,-0.882,PDC,0.364,0.559,0.559
744,2022-06-07 14:10:52,2022-06-07 14:16:51,SPXW,4160.0,C,2022-06-07,0,True,True,bull,2,0,False,1,2,2.7,3.3,540.0,119.99999999999993,22.22222222222221,5.983333333333333,True,1-2,14:00,Tuesday,True,414.26,411.657,above,0.632,bull,0.116,0.998,0.232,280.9,-0.882,PDH,-0.557,0.42,0.42
745,2022-06-07 14:32:15,2022-06-07 14:36:20,SPXW,4170.0,C,2022-06-07,0,True,True,bull,2,1,True,2,2,0.9,1.1,180.0,40.000000000000014,22.222222222222232,4.083333333333333,True,1-2,14:30,Tuesday,True,414.43,411.8204,above,0.634,bull,0.15,0.966,0.312,302.2,-0.882,PDH,-0.516,0.62,0.62
746,2022-06-07 15:43:27,2022-06-08 09:30:34,INTC,44.5,C,2022-06-10,3,False,False,bull,10,0,False,1,1,0.26,0.06,260.0,-200.0,-76.92307692307693,1067.1166666666666,True,6-10,15:30,Tuesday,False,,,,,,,,,,,,,,
747,2022-06-08 09:59:26,2022-06-08 10:14:32,SPXW,4195.0,C,2022-06-08,0,True,True,bull,2,0,False,1,1,3.1,1.25,620.0,-370.0,-59.67741935483871,15.1,True,1-2,09:30,Wednesday,True,415.62,413.9821,above,0.396,bull,0.056,0.99,,29.4,-0.452,PDC,-0.031,0.934,0.934
748,2022-06-08 11:17:11,2022-06-08 11:44:41,SPXW,4190.0,C,2022-06-08,0,True,True,bull,2,1,True,2,1,2.375,1.75,475.0,-125.0,-26.315789473684216,27.5,True,1-2,11:00,Wednesday,True,414.87,414.3619,above,0.123,bear,-0.019,0.702,0.121,107.2,-0.452,PDC,-0.212,0.995,0.995
749,2022-06-08 13:21:58,2022-06-08 13:46:51,NVDA,185.0,P,2022-06-10,2,False,False,bear,2,0,False,1,1,2.84,2.99,568.0,30.00000000000007,5.2816901408450745,24.883333333333333,True,1-2,13:00,Wednesday,False,,,,,,,,,,,,,,
750,2022-06-08 13:33:00,2022-06-08 13:47:56,SPXW,4090.0,P,2022-06-08,0,True,True,bear,8,1,True,2,1,1.875,0.85,1500.0,-819.9999999999999,-54.666666666666664,14.933333333333334,True,6-10,13:30,Wednesday,True,411.97,413.9721,below,-0.484,bear,-0.172,0.086,-0.177,243.0,-0.452,PDC,-0.909,-0.721,0.721
751,2022-06-08 13:56:23,2022-06-08 14:18:40,SPXW,4135.0,C,2022-06-08,0,True,True,bull,1,0,False,1,1,4.0,2.55,400.0,-145.00000000000003,-36.25000000000001,22.283333333333335,True,1-2,13:30,Wednesday,True,411.67,413.6,below,-0.467,bear,-0.176,0.196,-0.129,266.4,-0.452,PDC,-0.981,0.445,0.445
752,2022-06-09 09:48:53,2022-06-09 09:59:50,TSLA,800.0,C,2022-06-10,1,False,False,bull,2,0,False,1,1,1.7,2.29,340.0,118.00000000000001,34.70588235294119,10.95,True,1-2,09:30,Thursday,False,,,,,,,,,,,,,,
753,2022-06-09 10:00:31,2022-06-09 10:09:09,TSLA,810.0,C,2022-06-10,1,False,False,bull,2,0,False,1,1,1.88,1.4,376.0,-96.0,-25.531914893617024,8.633333333333333,True,1-2,10:00,Thursday,False,,,,,,,,,,,,,,
754,2022-06-09 10:07:36,2022-06-09 10:11:31,SPXW,4065.0,P,2022-06-09,0,True,True,bear,1,0,False,1,1,3.3,4.7,330.0,140.00000000000003,42.42424242424243,3.9166666666666665,True,1-2,10:00,Thursday,True,410.92,410.0152,above,0.221,bear,-0.061,0.759,0.1,37.6,-0.481,PDC,-0.092,-1.076,1.076
755,2022-06-09 10:11:45,2022-06-09 10:15:19,SPXW,4045.0,P,2022-06-09,0,True,True,bear,3,0,False,1,1,2.15,1.2,644.9999999999999,-284.99999999999994,-44.18604651162791,3.566666666666667,True,3-5,10:00,Thursday,True,409.77,410.0262,below,-0.062,bear,-0.088,0.409,0.13,41.8,-0.481,PDL,-0.151,-1.286,1.286
756,2022-06-09 10:17:20,2022-06-09 10:18:54,SPXW,4150.0,C,2022-06-09,0,True,True,bull,1,0,False,1,1,2.5,1.9,250.0,-60.00000000000001,-24.0,1.5666666666666667,True,1-2,10:00,Thursday,True,409.75,409.9761,below,-0.055,bear,-0.105,0.402,0.196,47.3,-0.481,PDL,-0.156,1.281,1.281
757,2022-06-09 10:24:18,2022-06-09 10:32:09,TSLA,800.0,C,2022-06-10,1,False,False,bull,1,0,False,1,1,3.15,4.2,315.0,105.00000000000003,33.33333333333335,7.85,True,1-2,10:00,Thursday,False,,,,,,,,,,,,,,
758,2022-06-09 10:32:48,2022-06-09 10:44:52,SPXW,4060.0,P,2022-06-09,0,True,True,bear,1,0,False,1,1,1.7,2.25,170.0,55.00000000000001,32.35294117647059,12.066666666666666,True,1-2,10:30,Thursday,True,410.69,410.0472,above,0.157,bear,-0.078,0.689,-0.209,62.8,-0.481,PDL,0.073,-1.142,1.142
759,2022-06-10 09:32:13,2022-06-10 09:33:16,SPXW,4075.0,C,2022-06-10,0,True,True,bull,1,0,False,1,1,1.0,0.55,100.0,-44.99999999999999,-44.99999999999999,1.05,True,1-2,09:30,Friday,False,,,,,,,,,,,,,,
760,2022-06-10 09:36:34,2022-06-10 09:45:19,TSLA,665.0,P,2022-06-10,0,True,False,bear,1,0,False,1,1,2.77,0.93,277.0,-184.0,-66.4259927797834,8.75,True,1-2,09:30,Friday,False,,,,,,,,,,,,,,
761,2022-06-10 09:56:00,2022-06-10 10:31:22,SPXW,3850.0,P,2022-06-10,0,True,True,bear,3,1,True,2,2,2.5,3.0666666666666664,750.0,169.99999999999994,22.666666666666657,35.36666666666667,True,3-5,09:30,Friday,True,393.27,394.101,below,-0.211,bear,-1.083,0.076,,26.0,-1.638,PDL,-2.038,-2.103,2.103
762,2022-06-10 10:58:28,2022-06-10 11:44:08,SPXW,3855.0,P,2022-06-10,0,True,True,bear,2,0,False,1,1,2.3,2.4,459.99999999999994,20.000000000000018,4.347826086956519,45.666666666666664,True,1-2,10:30,Friday,True,392.01,392.4947,below,-0.123,bear,-0.67,0.326,0.442,88.5,-1.638,PDL,-2.351,-1.661,1.661
763,2022-06-10 11:48:53,2022-06-10 13:46:40,SPXW,3865.0,P,2022-06-10,0,True,True,bear,3,1,True,2,3,2.6999999999999997,2.3833333333333333,810.0,-95.00000000000001,-11.728395061728392,117.78333333333333,True,3-5,11:30,Friday,True,390.7,392.037,below,-0.341,bear,-0.378,0.14,-0.031,138.9,-1.638,PDL,-2.678,-1.075,1.075
764,2022-06-13 10:04:47,2022-06-13 10:19:24,SPXW,3700.0,P,2022-06-13,0,True,True,bear,1,0,False,1,1,2.45,3.4,245.00000000000003,94.99999999999997,38.77551020408161,14.616666666666667,True,1-2,10:00,Monday,True,379.79,380.457,below,-0.175,bear,-1.086,0.224,,34.8,-2.532,PDL,-2.558,-2.578,2.578
765,2022-06-13 10:24:59,2022-06-13 10:35:44,SPXW,3650.0,P,2022-06-13,0,True,True,bear,2,0,False,1,1,1.45,1.2,290.0,-50.0,-17.24137931034483,10.75,True,1-2,10:00,Monday,True,377.41,379.849,below,-0.642,bear,-1.097,0.042,-0.64,55.0,-2.532,PDL,-3.169,-3.288,3.288
766,2022-06-13 11:00:18,2022-06-13 11:04:01,SPXW,3700.0,P,2022-06-13,0,True,True,bear,2,0,False,1,1,4.5,5.5,900.0,200.0,22.222222222222232,3.716666666666667,True,1-2,11:00,Monday,True,376.15,378.6731,below,-0.666,bear,-0.849,0.107,-0.273,90.3,-2.532,PDL,-3.492,-1.635,1.635
767,2022-06-13 11:10:32,2022-06-13 11:16:17,SPXW,3680.0,P,2022-06-13,0,True,True,bear,2,0,False,1,1,3.6,1.9,720.0,-340.00000000000006,-47.22222222222222,5.75,True,1-2,11:00,Monday,True,375.27,378.4614,below,-0.843,bear,-0.798,0.023,-0.588,100.5,-2.532,PDL,-3.718,-1.937,1.937
768,2022-06-13 11:21:43,2022-06-13 11:25:03,SPXW,3700.0,P,2022-06-13,0,True,True,bear,1,0,False,1,1,2.6,1.95,260.0,-65.00000000000001,-25.0,3.3333333333333335,True,1-2,11:00,Monday,True,377.23,378.2821,below,-0.278,bear,-0.637,0.333,0.362,111.7,-2.532,PDL,-3.215,-1.917,1.917
769,2022-06-14 09:49:15,2022-06-14 10:00:31,SPXW,3700.0,P,2022-06-14,0,True,True,bear,3,2,True,3,1,4.1000000000000005,1.8999999999999997,1230.0,-660.0000000000001,-53.658536585365866,11.266666666666667,True,3-5,09:30,Tuesday,True,374.52,375.9251,below,-0.374,bear,-0.174,0.0,,19.2,0.483,PDC,-0.149,-1.207,1.207
770,2022-06-14 10:00:38,2022-06-14 10:15:34,SPXW,3810.0,C,2022-06-14,0,True,True,bull,1,0,False,1,1,9.8,3.1,980.0000000000001,-670.0000000000001,-68.36734693877551,14.933333333333334,True,1-2,10:00,Tuesday,True,377.55,376.1578,above,0.37,bear,-0.012,0.987,,30.6,0.483,PDC,0.659,0.914,0.914
771,2022-06-14 12:17:58,2022-06-14 12:38:14,SPXW,3820.0,C,2022-06-14,0,True,True,bull,1,0,False,1,1,0.45,0.2,45.0,-25.0,-55.55555555555556,20.266666666666666,True,1-2,12:00,Tuesday,True,373.3,375.2312,below,-0.515,bear,-0.114,0.032,-0.461,168.0,0.483,PDL,-0.008,2.331,2.331
772,2022-06-15 10:05:19,2022-06-15 10:15:42,TSLA,760.0,C,2022-06-17,2,False,False,bull,1,0,False,1,1,1.95,1.53,195.0,-41.99999999999999,-21.53846153846154,10.383333333333333,True,1-2,10:00,Wednesday,False,,,,,,,,,,,,,,
773,2022-06-15 13:02:28,2022-06-15 13:18:40,SPXW,3900.0,C,2022-06-15,0,True,True,bull,1,0,False,1,1,1.15,1.15,114.99999999999999,0.0,0.0,16.2,True,1-2,13:00,Wednesday,True,376.175,377.7404,below,-0.414,bear,-0.039,0.045,-0.489,212.5,0.938,PDH,-0.459,3.675,3.675
774,2022-06-15 14:12:02,2022-06-15 14:31:57,SPXW,3885.0,C,2022-06-15,0,True,True,bull,1,0,False,1,1,1.25,0.9,125.0,-35.0,-28.000000000000004,19.916666666666668,True,1-2,14:00,Wednesday,True,375.74,377.4091,below,-0.442,bear,-0.06,0.319,-0.437,282.0,0.938,PDC,0.511,3.396,3.396
775,2022-06-15 14:33:52,2022-06-15 14:38:41,SPXW,3500.0,P,2022-06-16,1,False,True,bear,1,0,False,1,1,2.4,1.15,240.0,-125.0,-52.083333333333336,4.816666666666666,True,1-2,14:30,Wednesday,True,374.83,377.2436,below,-0.64,bear,-0.159,0.171,-0.862,303.9,0.938,PDC,0.268,-6.624,6.624
776,2022-06-15 14:44:23,2022-06-15 14:52:17,SPXW,4010.0,C,2022-06-16,1,False,True,bull,1,0,False,1,1,1.95,0.6,195.0,-135.0,-69.23076923076923,7.9,True,1-2,14:30,Wednesday,True,377.49,377.0264,above,0.123,bear,-0.131,0.688,0.466,314.4,0.938,PDH,-0.111,6.228,6.228
777,2022-06-16 09:38:40,2022-06-16 09:58:49,SPXW,3605.0,P,2022-06-16,0,True,True,bear,1,0,False,1,1,2.55,1.0,254.99999999999997,-154.99999999999997,-60.78431372549019,20.15,True,1-2,09:30,Thursday,True,369.5,369.975,below,-0.128,bear,-0.207,0.0,,8.7,-2.292,PDL,-0.709,-2.436,2.436
778,2022-06-16 10:04:49,2022-06-16 10:23:27,SPXW,3615.0,P,2022-06-16,0,True,True,bear,1,0,False,1,1,2.95,1.6,295.0,-135.0,-45.76271186440678,18.633333333333333,True,1-2,10:00,Thursday,True,368.8,369.3111,below,-0.138,bear,-0.92,0.269,,34.8,-2.292,PDL,-0.898,-1.979,1.979
779,2022-06-17 13:39:16,2022-06-17 13:43:09,GOOGL,2180.0,C,2022-06-17,0,True,False,bull,1,0,False,1,1,1.6,2.5,160.0,89.99999999999999,56.25,3.8833333333333333,True,1-2,13:30,Friday,False,,,,,,,,,,,,,,
780,2022-06-17 13:44:55,2022-06-17 13:46:44,TSLA,665.0,C,2022-06-17,0,True,False,bull,1,0,False,1,1,1.2,0.78,120.0,-41.99999999999999,-35.0,1.8166666666666667,True,1-2,13:30,Friday,False,,,,,,,,,,,,,,
781,2022-06-17 14:23:47,2022-06-17 14:28:37,SPY,370.0,C,2022-06-17,0,True,True,bull,2,0,False,1,1,0.72,0.59,144.0,-26.0,-18.055555555555557,4.833333333333333,True,1-2,14:00,Friday,True,368.2,366.3172,above,0.514,bull,0.141,0.836,0.346,293.8,-0.439,PDC,0.305,0.489,0.489
782,2022-06-17 14:32:22,2022-06-17 14:36:10,SPY,363.0,P,2022-06-17,0,True,True,bear,3,0,False,1,1,0.22,0.17,66.0,-15.000000000000002,-22.72727272727272,3.8,True,3-5,14:30,Friday,True,367.73,366.3857,above,0.367,bull,0.135,0.771,0.161,302.4,-0.439,PDC,0.177,-1.286,1.286
783,2022-06-17 16:06:43,2022-06-21 10:03:09,SPXW,3800.0,C,2022-06-21,4,False,True,bull,1,0,False,1,1,2.4,3.4,240.0,100.0,41.66666666666667,5396.433333333333,True,1-2,16:00,Friday,True,365.81,366.5501,below,-0.202,bear,-0.083,0.504,-0.582,396.7,-0.439,PDC,-0.346,3.879,3.879
784,2022-06-21 10:56:15,2022-06-21 11:10:55,SPXW,3810.0,C,2022-06-21,0,True,True,bull,2,0,False,1,1,1.65,1.2,330.0,-89.99999999999999,-27.27272727272727,14.666666666666666,True,1-2,10:30,Tuesday,True,375.98,374.1394,above,0.492,bull,0.492,0.983,0.149,86.2,1.657,PDH,1.787,1.335,1.335
785,2022-06-21 11:23:09,2022-06-21 11:35:53,SPXW,3725.0,P,2022-06-21,0,True,True,bear,1,0,False,1,1,2.55,1.8,254.99999999999997,-74.99999999999997,-29.411764705882348,12.733333333333333,True,1-2,11:00,Tuesday,True,375.54,374.3838,above,0.309,bull,0.337,0.836,-0.069,113.2,1.657,PDH,1.668,-0.81,0.81
786,2022-06-21 11:40:39,2022-06-21 12:13:40,SPXW,3745.0,P,2022-06-21,0,True,True,bear,1,0,False,1,1,7.0,8.0,700.0,100.0,14.28571428571428,33.016666666666666,True,1-2,11:30,Tuesday,True,374.8,374.4518,above,0.093,bull,0.187,0.669,-0.285,130.7,1.657,PDH,1.467,-0.08,0.08
787,2022-06-21 12:54:19,2022-06-24 09:30:14,SAVE,26.0,C,2022-07-08,17,False,False,bull,3,0,False,1,1,0.58,0.41,173.99999999999997,-50.99999999999998,-29.31034482758621,4115.916666666667,True,3-5,12:30,Tuesday,False,,,,,,,,,,,,,,
788,2022-06-21 13:37:13,2022-06-21 13:58:42,SPXW,3785.0,C,2022-06-21,0,True,True,bull,1,0,False,1,1,3.0,1.5,300.0,-150.0,-50.0,21.483333333333334,True,1-2,13:30,Tuesday,True,375.635,374.5495,above,0.29,bull,0.07,0.857,0.055,247.2,1.657,PDH,1.693,0.763,0.763
789,2022-06-22 09:40:32,2022-06-22 09:53:11,SPXW,3790.0,C,2022-06-22,0,True,True,bull,2,0,False,1,1,2.2,2.75,440.00000000000006,109.99999999999997,25.0,12.65,True,1-2,09:30,Wednesday,True,371.61,371.4702,above,0.038,bear,-0.237,0.633,,10.5,-1.213,PDL,-0.059,1.989,1.989
790,2022-06-22 09:54:46,2022-06-22 10:14:17,SPXW,3790.0,C,2022-06-22,0,True,True,bull,3,2,True,3,3,3.2999999999999994,4.133333333333334,989.9999999999999,250.00000000000017,25.25252525252528,19.516666666666666,True,3-5,09:30,Wednesday,True,372.54,371.7511,above,0.212,bear,-0.292,0.894,,24.8,-1.213,PDL,0.191,1.734,1.734
791,2022-06-23 09:34:26,2022-06-23 10:57:57,SPXW,3830.0,C,2022-06-23,0,True,True,bull,5,3,True,4,2,2.13,2.2,1065.0,34.999999999999964,3.2863849765258246,83.51666666666667,True,3-5,09:30,Thursday,False,,,,,,,,,,,,,,
792,2022-06-23 12:02:46,2022-06-23 12:06:45,SPXW,3725.0,P,2022-06-23,0,True,True,bear,2,0,False,1,2,2.7,3.35,540.0,129.99999999999997,24.07407407407407,3.9833333333333334,True,1-2,12:00,Thursday,True,375.16,376.5396,below,-0.366,bear,-0.101,0.091,-0.455,152.8,0.625,PDC,0.222,-0.709,0.709
793,2022-06-23 12:06:22,2022-06-23 12:36:32,SPXW,3720.0,P,2022-06-23,0,True,True,bear,3,1,True,2,1,2.216666666666667,2.6,665.0,115.00000000000003,17.29323308270676,30.166666666666668,True,3-5,12:00,Thursday,True,374.05,376.4224,below,-0.63,bear,-0.162,0.01,-0.587,156.4,0.625,PDC,-0.075,-0.548,0.548
794,2022-06-23 12:17:01,2022-06-24 13:05:41,BYND,35.0,C,2022-07-15,22,False,False,bull,1,0,False,1,1,0.36,0.14,36.0,-21.999999999999996,-61.11111111111111,1488.6666666666667,True,1-2,12:00,Thursday,False,,,,,,,,,,,,,,
795,2022-06-24 09:31:29,2022-06-24 09:32:38,SPXW,3750.0,P,2022-06-24,0,True,True,bear,1,0,False,1,1,1.95,1.3,195.0,-64.99999999999999,-33.33333333333333,1.15,True,1-2,09:30,Friday,False,,,,,,,,,,,,,,
796,2022-06-24 09:35:14,2022-06-24 09:38:50,SPXW,3890.0,C,2022-06-24,0,True,True,bull,2,0,False,1,1,2.55,1.6,509.99999999999994,-189.99999999999994,-37.2549019607843,3.6,True,1-2,09:30,Friday,True,382.67,382.2367,above,0.113,bull,0.39,1.0,,5.2,0.849,PDH,1.018,1.654,1.654
797,2022-06-24 09:35:52,2022-06-24 09:37:24,GOOGL,2320.0,C,2022-06-24,0,True,False,bull,1,0,False,1,1,1.85,3.0,185.0,114.99999999999999,62.16216216216215,1.5333333333333334,True,1-2,09:30,Friday,False,,,,,,,,,,,,,,
798,2022-06-24 09:38:15,2022-06-24 09:43:20,SHOP,390.0,C,2022-06-24,0,True,False,bull,1,0,False,1,1,1.3,2.25,130.0,95.0,73.07692307692307,5.083333333333333,True,1-2,09:30,Friday,False,,,,,,,,,,,,,,
799,2022-06-24 09:39:08,2022-06-24 10:01:00,TSLA,740.0,C,2022-06-24,0,True,False,bull,1,0,False,1,1,3.1,4.06,310.0,95.99999999999996,30.96774193548386,21.866666666666667,True,1-2,09:30,Friday,False,,,,,,,,,,,,,,
800,2022-06-24 09:47:29,2022-06-24 09:52:57,BABA,117.0,C,2022-06-24,0,True,False,bull,1,0,False,1,1,0.73,0.96,73.0,23.0,31.506849315068486,5.466666666666667,True,1-2,09:30,Friday,False,,,,,,,,,,,,,,
801,2022-06-24 09:49:14,2022-06-24 10:00:24,SPXW,3890.0,C,2022-06-24,0,True,True,bull,2,0,False,1,1,2.9,2.65,580.0,-50.0,-8.62068965517241,11.166666666666666,True,1-2,09:30,Friday,True,383.395,382.5585,above,0.219,bull,0.564,0.964,,19.2,0.849,PDH,1.209,1.462,1.462
802,2022-06-24 10:03:23,2022-06-24 10:41:06,SPXW,3915.0,C,2022-06-24,0,True,True,bull,1,0,False,1,1,3.8,1.05,380.0,-275.0,-72.36842105263158,37.71666666666667,True,1-2,10:00,Friday,True,383.76,383.1187,above,0.167,bull,0.678,0.869,,33.4,0.849,PDH,1.305,2.017,2.017
803,2022-06-24 10:18:45,2022-06-24 10:39:42,GOOGL,2370.0,C,2022-06-24,0,True,False,bull,1,0,False,1,1,1.7,0.76,170.0,-94.0,-55.294117647058826,20.95,True,1-2,10:00,Friday,False,,,,,,,,,,,,,,
804,2022-06-27 09:36:29,2022-06-27 09:43:34,SPXW,3850.0,P,2022-06-27,0,True,True,bear,1,0,False,1,1,3.4,3.9,340.0,50.0,14.705882352941169,7.083333333333333,True,1-2,09:30,Monday,True,389.3,389.9667,below,-0.171,bull,0.164,0.0,,6.5,0.254,PDH,-0.197,-1.105,1.105
805,2022-06-27 09:47:45,2022-06-27 09:54:28,SPXW,3840.0,P,2022-06-27,0,True,True,bear,2,0,False,1,1,3.0,1.45,600.0,-310.0,-51.66666666666666,6.716666666666667,True,1-2,09:30,Monday,True,388.64,389.404,below,-0.196,bull,0.142,0.089,,17.8,0.254,PDH,-0.367,-1.194,1.194
806,2022-06-27 09:54:39,2022-06-27 10:11:21,SPXW,3950.0,C,2022-06-27,0,True,True,bull,2,0,False,1,1,3.8,2.25,760.0,-309.99999999999994,-40.78947368421052,16.7,True,1-2,09:30,Monday,True,387.92,389.0821,below,-0.299,bull,0.095,0.091,,24.6,0.254,PDH,-0.551,1.825,1.825
807,2022-06-27 10:14:25,2022-06-27 10:50:49,SPXW,3850.0,P,2022-06-27,0,True,True,bear,3,2,True,3,1,2.1333333333333333,0.6999999999999998,640.0,-430.00000000000006,-67.1875,36.4,True,3-5,10:00,Monday,True,388.81,388.9356,below,-0.032,bull,0.082,0.331,-0.177,44.4,0.254,PDH,-0.323,-0.98,0.98
808,2022-06-28 09:34:17,2022-06-28 09:54:04,SPXW,3880.0,P,2022-06-28,0,True,True,bear,1,0,False,1,1,2.2,1.05,220.00000000000003,-115.00000000000001,-52.27272727272727,19.783333333333335,True,1-2,09:30,Tuesday,False,,,,,,,,,,,,,,
809,2022-06-28 09:55:43,2022-06-28 09:58:34,SPXW,3995.0,C,2022-06-28,0,True,True,bull,2,0,False,1,1,0.9,0.6,180.0,-60.00000000000001,-33.333333333333336,2.85,True,1-2,09:30,Tuesday,True,392.62,392.2286,above,0.1,bull,0.333,0.868,,25.7,0.383,PDH,0.337,1.752,1.752
810,2022-06-28 10:05:26,2022-06-28 10:07:00,SPXW,3890.0,P,2022-06-28,0,True,True,bear,1,0,False,1,1,3.7,4.4,370.0,70.00000000000001,18.918918918918926,1.5666666666666667,True,1-2,10:00,Tuesday,True,390.97,392.0728,below,-0.281,bull,0.27,0.286,-0.41,35.4,0.383,PDH,-0.084,-0.504,0.504
811,2022-06-28 10:08:34,2022-06-28 10:21:14,SPXW,3960.0,C,2022-06-28,0,True,True,bull,2,0,False,1,1,1.8,1.05,360.0,-150.0,-41.666666666666664,12.666666666666666,True,1-2,10:00,Tuesday,True,390.97,392.0728,below,-0.281,bull,0.27,0.286,-0.41,38.6,0.383,PDH,-0.084,1.287,1.287
812,2022-06-28 10:29:38,2022-06-28 10:47:25,SPXW,3870.0,P,2022-06-28,0,True,True,bear,1,0,False,1,1,1.9,4.4,190.0,250.00000000000006,131.57894736842107,17.783333333333335,True,1-2,10:00,Tuesday,True,389.86,391.6668,below,-0.461,bull,0.079,0.108,-0.703,59.6,0.383,PDC,0.306,-0.734,0.734
813,2022-06-28 10:53:39,2022-06-28 13:05:48,SPY,400.0,C,2022-06-29,1,False,True,bull,1,0,False,1,1,0.13,0.04,13.0,-9.0,-69.23076923076923,132.15,True,1-2,10:30,Tuesday,True,388.19,391.0247,below,-0.725,bear,-0.116,0.049,-0.502,83.7,0.383,PDC,-0.123,3.042,3.042
814,2022-06-29 09:32:32,2022-06-29 09:41:05,SPXW,3735.0,P,2022-06-29,0,True,True,bear,1,0,False,1,1,1.65,2.1,165.0,45.000000000000014,27.272727272727295,8.55,True,1-2,09:30,Wednesday,False,,,,,,,,,,,,,,
815,2022-06-29 09:36:22,2022-06-29 09:52:04,SPXW,3755.0,P,2022-06-29,0,True,True,bear,1,0,False,1,1,4.2,1.1,420.0,-310.0,-73.80952380952381,15.7,True,1-2,09:30,Wednesday,True,379.38,380.0517,below,-0.177,bear,-0.155,0.065,,6.4,0.105,PDL,-0.306,-1.023,1.023
816,2022-06-29 09:43:03,2022-06-29 09:52:27,AMZN,109.25,C,2022-07-01,2,False,False,bull,1,0,False,1,1,1.4,2.18,140.0,78.00000000000003,55.71428571428574,9.4,True,1-2,09:30,Wednesday,False,,,,,,,,,,,,,,
817,2022-06-29 09:51:33,2022-06-29 10:18:31,TSLA,740.0,C,2022-07-01,2,False,False,bull,1,0,False,1,1,2.22,1.38,222.00000000000003,-84.00000000000003,-37.83783783783785,26.966666666666665,True,1-2,09:30,Wednesday,False,,,,,,,,,,,,,,
818,2022-06-29 10:04:40,2022-06-29 10:17:40,SPXW,3880.0,C,2022-06-29,0,True,True,bull,1,0,False,1,1,3.0,1.0,300.0,-200.0,-66.66666666666667,13.0,True,1-2,10:00,Wednesday,True,381.07,379.9837,above,0.286,bear,-0.112,0.762,,34.7,0.105,PDC,0.063,1.819,1.819
819,2022-06-30 09:54:17,2022-06-30 10:03:49,SPXW,3695.0,P,2022-06-30,0,True,True,bear,1,0,False,1,1,3.5,4.9,350.0,140.00000000000003,40.000000000000014,9.533333333333333,True,1-2,09:30,Thursday,True,374.53,374.9481,below,-0.112,bear,-0.493,0.22,,24.3,-1.088,PDL,-1.036,-1.343,1.343
820,2022-06-30 10:11:06,2022-06-30 10:32:33,SPXW,3695.0,P,2022-06-30,0,True,True,bear,1,0,False,1,1,4.3,2.05,430.0,-225.0,-52.32558139534884,21.45,True,1-2,10:00,Thursday,True,372.85,374.1694,below,-0.353,bear,-0.646,0.057,-0.374,41.1,-1.088,PDL,-1.48,-0.898,0.898
821,2022-06-30 10:43:42,2022-06-30 10:54:13,SPY,378.0,C,2022-06-30,0,True,True,bull,1,0,False,1,1,0.57,0.81,56.99999999999999,24.00000000000001,42.105263157894754,10.516666666666667,True,1-2,10:30,Thursday,True,374.13,374.0935,above,0.01,bear,-0.391,0.349,0.343,73.7,-1.088,PDL,-1.141,1.034,1.034
822,2022-07-01 09:33:57,2022-07-01 10:04:13,TSLA,710.0,C,2022-07-01,0,True,False,bull,1,0,False,1,1,1.64,0.7,164.0,-94.0,-57.31707317073172,30.266666666666666,True,1-2,09:30,Friday,False,,,,,,,,,,,,,,
823,2022-07-01 09:38:52,2022-07-01 09:55:46,GOOGL,2210.0,C,2022-07-01,0,True,False,bull,1,0,False,1,1,1.7,3.3,170.0,160.0,94.11764705882352,16.9,True,1-2,09:30,Friday,False,,,,,,,,,,,,,,
824,2022-07-01 09:52:26,2022-07-01 10:04:24,SPXW,3860.0,C,2022-07-01,0,True,True,bull,1,0,False,1,1,1.75,0.55,175.0,-120.0,-68.57142857142857,11.966666666666667,True,1-2,09:30,Friday,True,378.95,377.7647,above,0.314,bull,0.014,0.862,,22.4,-0.184,PDH,-0.436,1.86,1.86
825,2022-07-01 14:32:02,2022-07-01 14:47:21,SPXW,3825.0,C,2022-07-01,0,True,True,bull,1,0,False,1,1,2.65,3.6,265.0,95.00000000000001,35.8490566037736,15.316666666666666,True,1-2,14:30,Friday,True,378.97,376.708,above,0.6,bull,0.208,0.837,0.202,302.0,-0.184,PDH,-0.431,0.931,0.931
826,2022-07-05 09:46:40,2022-07-05 09:56:38,SPXW,3700.0,P,2022-07-05,0,True,True,bear,2,0,False,1,2,1.75,3.175,350.0,284.99999999999994,81.42857142857143,9.966666666666667,True,1-2,09:30,Tuesday,True,373.93,374.6388,below,-0.189,bear,-0.343,0.095,,16.7,-1.257,PDL,0.016,-1.051,1.051
827,2022-07-05 10:41:57,2022-07-05 10:43:07,SPXW,3830.0,C,2022-07-05,0,True,True,bull,1,0,False,1,1,1.3,0.95,130.0,-35.00000000000001,-26.923076923076927,1.1666666666666667,True,1-2,10:30,Tuesday,True,375.96,374.374,above,0.424,bear,-0.28,0.894,0.591,72.0,-1.257,PDL,0.559,1.873,1.873
828,2022-07-05 11:55:05,2022-07-05 12:26:27,SPXW,3800.0,C,2022-07-05,0,True,True,bull,1,0,False,1,1,3.2,5.7,320.0,250.0,78.125,31.366666666666667,True,1-2,11:30,Tuesday,True,375.615,374.3499,above,0.338,bear,-0.019,0.793,0.555,145.1,-1.257,PDL,0.467,1.167,1.167
829,2022-07-06 09:34:16,2022-07-06 09:38:41,SPY,380.0,P,2022-07-06,0,True,True,bear,1,0,False,1,1,0.78,1.15,78.0,36.999999999999986,47.435897435897424,4.416666666666667,True,1-2,09:30,Wednesday,False,,,,,,,,,,,,,,
830,2022-07-06 09:44:38,2022-07-06 09:48:44,MU,58.0,C,2022-07-08,2,False,False,bull,1,0,False,1,1,1.0,0.72,100.0,-28.000000000000004,-28.000000000000004,4.1,True,1-2,09:30,Wednesday,False,,,,,,,,,,,,,,
831,2022-07-06 11:10:37,2022-07-06 11:51:32,SPXW,3760.0,P,2022-07-06,0,True,True,bear,1,0,False,1,1,2.1,1.2,210.0,-90.00000000000001,-42.85714285714286,40.916666666666664,True,1-2,11:00,Wednesday,True,380.61,381.8719,below,-0.33,bear,-0.026,0.095,-0.249,100.6,0.033,PDH,-0.359,-1.211,1.211
832,2022-07-06 11:58:47,2022-07-06 14:05:30,SPXW,3870.0,C,2022-07-06,0,True,True,bull,2,1,True,2,2,2.175,2.825,434.99999999999994,130.00000000000006,29.885057471264375,126.71666666666667,True,1-2,11:30,Wednesday,True,380.135,381.4974,below,-0.357,bear,-0.099,0.13,-0.282,148.8,0.033,PDH,-0.483,1.806,1.806
833,2022-07-06 14:03:47,2022-07-06 14:12:08,SPXW,3890.0,C,2022-07-06,0,True,True,bull,1,0,False,1,1,0.75,0.25,75.0,-50.0,-66.66666666666667,8.35,True,1-2,14:00,Wednesday,True,381.92,381.4207,above,0.131,bull,0.082,0.57,0.128,273.8,0.033,PDH,-0.016,1.854,1.854
834,2022-07-06 14:12:32,2022-07-06 14:28:40,SPXW,3790.0,P,2022-07-06,0,True,True,bear,1,0,False,1,1,2.95,0.55,295.0,-240.00000000000003,-81.35593220338984,16.133333333333333,True,1-2,14:00,Wednesday,True,382.24,381.4796,above,0.199,bull,0.084,0.649,0.168,282.5,0.033,PDH,0.068,-0.848,0.848
835,2022-07-06 14:35:16,2022-07-06 15:26:34,SPXW,3890.0,C,2022-07-06,0,True,True,bull,1,0,False,1,1,0.9,0.35,90.0,-55.00000000000001,-61.111111111111114,51.3,True,1-2,14:30,Wednesday,True,383.82,381.5815,above,0.587,bull,0.142,0.901,0.592,305.3,0.033,PDH,0.482,1.35,1.35
836,2022-07-06 14:36:54,2022-07-06 15:26:27,SPY,386.0,C,2022-07-06,0,True,True,bull,1,0,False,1,1,0.22,0.3,22.0,7.999999999999999,36.36363636363635,49.55,True,1-2,14:30,Wednesday,True,383.82,381.5815,above,0.587,bull,0.142,0.901,0.592,306.9,0.033,PDH,0.482,0.568,0.568
837,2022-07-07 09:34:38,2022-07-07 09:49:42,SPXW,3920.0,C,2022-07-07,0,True,True,bull,2,0,False,1,1,2.25,2.75,450.0,100.0,22.222222222222232,15.066666666666666,True,1-2,09:30,Thursday,False,,,,,,,,,,,,,,
838,2022-07-07 09:51:39,2022-07-07 10:21:38,TSLA,750.0,C,2022-07-08,1,False,False,bull,1,0,False,1,1,1.51,2.0,151.0,49.0,32.45033112582782,29.983333333333334,True,1-2,09:30,Thursday,False,,,,,,,,,,,,,,
839,2022-07-07 10:18:32,2022-07-07 12:05:57,GOOGL,2400.0,C,2022-07-08,1,False,False,bull,1,0,False,1,1,3.7,4.8,370.0,109.99999999999997,29.729729729729716,107.41666666666667,True,1-2,10:00,Thursday,False,,,,,,,,,,,,,,
840,2022-07-08 09:35:13,2022-07-08 10:32:08,MDB,325.0,C,2022-07-08,0,True,False,bull,1,0,False,1,1,0.6,1.1,60.0,50.000000000000014,83.33333333333334,56.916666666666664,True,1-2,09:30,Friday,False,,,,,,,,,,,,,,
841,2022-07-08 09:45:34,2022-07-08 11:21:56,GOOGL,2415.0,C,2022-07-08,0,True,False,bull,2,1,True,2,1,1.525,3.3,305.0,355.0,116.39344262295084,96.36666666666666,True,1-2,09:30,Friday,False,,,,,,,,,,,,,,
842,2022-07-08 09:54:49,2022-07-08 10:12:55,TSLA,715.0,P,2022-07-08,0,True,False,bear,1,0,False,1,1,1.87,0.5,187.0,-137.0,-73.2620320855615,18.1,True,1-2,09:30,Friday,False,,,,,,,,,,,,,,
843,2022-07-08 09:58:11,2022-07-08 10:27:24,SPXW,3920.0,C,2022-07-08,0,True,True,bull,1,0,False,1,1,2.45,4.7,245.00000000000003,225.0,91.83673469387755,29.216666666666665,True,1-2,09:30,Friday,True,386.18,387.5231,below,-0.347,bear,-0.16,0.115,,28.2,-0.404,PDL,0.267,1.507,1.507
844,2022-07-08 13:08:02,2022-07-08 13:11:55,SPXW,3905.0,C,2022-07-08,0,True,True,bull,1,0,False,1,1,3.2,4.2,320.0,100.0,31.25,3.8833333333333333,True,1-2,13:00,Friday,True,386.89,388.3031,below,-0.364,bear,-0.187,0.238,-0.284,218.0,-0.404,PDL,0.452,0.933,0.933
845,2022-07-08 14:01:00,2022-07-08 14:10:06,GOOGL,2400.0,C,2022-07-08,0,True,False,bull,1,0,False,1,1,1.5,2.35,150.0,85.00000000000001,56.666666666666664,9.1,True,1-2,14:00,Friday,False,,,,,,,,,,,,,,
846,2022-07-11 09:34:33,2022-07-11 09:36:17,SPXW,3925.0,C,2022-07-11,0,True,True,bull,1,0,False,1,1,2.0,1.05,200.0,-95.0,-47.5,1.7333333333333334,True,1-2,09:30,Monday,False,,,,,,,,,,,,,,
847,2022-07-11 09:47:47,2022-07-12 09:46:31,GOOGL,2550.0,C,2022-07-15,4,False,False,bull,1,0,False,1,1,2.7,1.5,270.0,-120.00000000000001,-44.44444444444445,1438.7333333333333,True,1-2,09:30,Monday,False,,,,,,,,,,,,,,
848,2022-07-11 13:34:49,2022-07-11 14:08:58,SPXW,3890.0,C,2022-07-11,0,True,True,bull,3,1,True,2,1,3.0,1.45,900.0,-465.00000000000006,-51.66666666666666,34.15,True,3-5,13:30,Monday,True,386.095,384.9507,above,0.297,bull,0.107,0.769,0.273,244.8,-0.695,PDL,0.097,0.752,0.752
849,2022-07-11 14:10:08,2022-07-11 14:43:13,SPXW,3855.0,P,2022-07-11,0,True,True,bear,2,0,False,1,1,2.3,1.75,459.99999999999994,-109.99999999999997,-23.913043478260864,33.083333333333336,True,1-2,14:00,Monday,True,385.77,385.0772,above,0.18,bull,0.078,0.667,-0.217,280.1,-0.695,PDL,0.013,-0.07,0.07
850,2022-07-12 09:44:51,2022-07-12 10:01:26,SPXW,3800.0,P,2022-07-12,0,True,True,bear,1,0,False,1,1,0.9,1.9,90.0,99.99999999999999,111.11111111111111,16.583333333333332,True,1-2,09:30,Tuesday,True,385.83,385.0047,above,0.214,bear,-0.027,0.887,,14.8,-0.146,PDH,-0.257,-1.511,1.511
851,2022-07-12 09:51:14,2022-07-12 10:00:00,SPXW,3825.0,P,2022-07-12,0,True,True,bear,1,0,False,1,1,3.0,4.9,300.0,190.00000000000003,63.33333333333335,8.766666666666667,True,1-2,09:30,Tuesday,True,384.61,385.0374,below,-0.111,bear,-0.002,0.395,,21.2,-0.146,PDC,0.109,-0.549,0.549
852,2022-07-12 13:42:23,2022-07-12 13:45:27,SPXW,3865.0,C,2022-07-12,0,True,True,bull,1,0,False,1,1,4.0,3.1,400.0,-89.99999999999999,-22.499999999999996,3.066666666666667,True,1-2,13:30,Tuesday,True,384.08,384.2915,below,-0.055,bear,-0.04,0.427,-0.056,252.4,-0.146,PDC,-0.029,0.63,0.63
853,2022-07-12 13:54:21,2022-07-12 14:01:16,SPXW,3875.0,C,2022-07-12,0,True,True,bull,1,0,False,1,1,1.55,1.2,155.0,-35.00000000000001,-22.580645161290324,6.916666666666667,True,1-2,13:30,Tuesday,True,384.16,384.2892,below,-0.034,bear,-0.03,0.449,0.079,264.4,-0.146,PDC,-0.008,0.869,0.869
854,2022-07-12 15:58:53,2022-07-13 09:30:14,SPY,372.0,P,2022-07-13,1,False,True,bear,1,0,False,1,1,0.49,1.0,49.0,51.0,104.08163265306123,1051.35,True,1-2,15:30,Tuesday,True,380.885,382.7663,below,-0.492,bear,-0.282,0.266,0.156,388.9,-0.146,PDL,-0.686,-2.333,2.333
855,2022-07-13 09:41:30,2022-07-13 10:27:36,SPXW,3700.0,P,2022-07-13,0,True,True,bear,2,0,False,1,2,1.5,1.3250000000000002,300.0,-34.999999999999964,-11.666666666666659,46.1,True,1-2,09:30,Wednesday,True,377.66,376.1748,above,0.395,bear,-0.405,0.968,,11.5,-1.502,PDL,-0.352,-2.028,2.028
856,2022-07-13 10:13:02,2022-07-13 10:33:40,TSLA,750.0,C,2022-07-15,2,False,False,bull,1,0,False,1,1,2.65,3.65,265.0,100.0,37.73584905660377,20.633333333333333,True,1-2,10:00,Wednesday,False,,,,,,,,,,,,,,
857,2022-07-13 10:27:08,2022-07-13 10:31:49,SPXW,3825.0,C,2022-07-13,0,True,True,bull,1,0,False,1,1,2.3,3.8,229.99999999999997,150.0,65.21739130434783,4.683333333333334,True,1-2,10:00,Wednesday,True,375.49,376.588,below,-0.292,bear,-0.449,0.245,-0.548,57.1,-1.502,PDL,-0.925,1.867,1.867
858,2022-07-13 12:32:33,2022-07-13 13:02:47,SPXW,3850.0,C,2022-07-13,0,True,True,bull,1,0,False,1,1,1.4,3.1,140.0,170.00000000000003,121.42857142857144,30.233333333333334,True,1-2,12:30,Wednesday,True,379.79,377.9329,above,0.491,bull,0.053,0.829,0.267,182.6,-1.502,PDL,0.21,1.372,1.372
859,2022-07-13 13:08:06,2022-07-13 13:18:42,SPXW,3850.0,C,2022-07-13,0,True,True,bull,1,0,False,1,1,2.35,1.4,235.0,-95.00000000000001,-40.42553191489362,10.6,True,1-2,13:00,Wednesday,True,381.42,378.1659,above,0.86,bull,0.168,0.934,0.363,218.1,-1.502,PDC,0.137,0.939,0.939
860,2022-07-14 09:43:40,2022-07-14 09:51:12,SPXW,3685.0,P,2022-07-14,0,True,True,bear,1,0,False,1,1,3.2,1.3,320.0,-190.0,-59.375,7.533333333333333,True,1-2,09:30,Thursday,True,372.24,373.2028,below,-0.258,bear,-0.498,0.04,,13.7,-1.386,PDL,-0.646,-1.005,1.005
861,2022-07-14 09:51:30,2022-07-14 10:01:47,TSLA,732.5,C,2022-07-15,1,False,False,bull,1,0,False,1,1,2.45,1.49,245.00000000000003,-96.00000000000001,-39.183673469387756,10.283333333333333,True,1-2,09:30,Thursday,False,,,,,,,,,,,,,,
862,2022-07-14 10:23:25,2022-07-14 11:11:10,SPXW,3770.0,C,2022-07-14,0,True,True,bull,2,0,False,1,2,3.0,4.5,600.0,300.0,50.0,47.75,True,1-2,10:00,Thursday,True,371.26,372.5117,below,-0.336,bear,-0.715,0.057,-0.361,53.4,-1.386,PDL,-0.907,1.546,1.546
863,2022-07-14 11:36:51,2022-07-14 11:40:44,SPXW,3705.0,P,2022-07-14,0,True,True,bear,2,0,False,1,2,1.85,1.225,370.0,-125.0,-33.78378378378378,3.8833333333333333,True,1-2,11:30,Thursday,True,373.785,372.6063,above,0.316,bear,-0.023,0.821,0.229,126.8,-1.386,PDL,-0.234,-0.879,0.879
864,2022-07-14 11:43:58,2022-07-14 12:07:39,SPXW,3810.0,C,2022-07-14,0,True,True,bull,1,0,False,1,1,1.0,0.55,100.0,-44.99999999999999,-44.99999999999999,23.683333333333334,True,1-2,11:30,Thursday,True,374.14,372.6554,above,0.398,bull,0.001,0.929,0.147,134.0,-1.386,PDL,-0.139,1.834,1.834
865,2022-07-15 09:40:40,2022-07-15 09:47:08,GOOGL,2300.0,C,2022-07-15,0,True,False,bull,1,0,False,1,1,2.65,1.25,265.0,-140.0,-52.83018867924528,6.466666666666667,True,1-2,09:30,Friday,False,,,,,,,,,,,,,,
866,2022-07-15 09:50:56,2022-07-15 10:05:14,SPXW,3780.0,P,2022-07-15,0,True,True,bear,1,0,False,1,1,4.2,1.6,420.0,-260.0,-61.904761904761905,14.3,True,1-2,09:30,Friday,True,381.53,382.4328,below,-0.236,bull,0.414,0.181,,20.9,1.226,PDH,0.79,-0.925,0.925
867,2022-07-15 10:05:58,2022-07-15 10:46:13,SPXW,3885.0,C,2022-07-15,0,True,True,bull,3,0,False,1,1,1.8999999999999997,1.0,569.9999999999999,-269.99999999999994,-47.36842105263157,40.25,True,3-5,10:00,Friday,True,382.8,382.2278,above,0.15,bull,0.42,0.658,0.052,36.0,1.226,PDH,1.125,1.489,1.489
868,2022-07-18 09:36:41,2022-07-18 11:42:37,SPXW,3850.0,P,2022-07-18,0,True,True,bear,4,2,True,3,1,1.9125,0.6,765.0,-525.0,-68.62745098039215,125.93333333333334,True,3-5,09:30,Monday,True,388.495,388.5217,below,-0.007,bull,0.158,0.454,,6.7,0.901,PDH,0.844,-0.9,0.9
869,2022-07-19 09:32:33,2022-07-20 10:03:09,TSLA,845.0,C,2022-07-22,3,False,False,bull,2,1,True,2,2,1.42,0.755,284.0,-132.99999999999997,-46.83098591549295,1470.6,True,1-2,09:30,Tuesday,False,,,,,,,,,,,,,,
870,2022-07-19 09:38:48,2022-07-19 09:48:38,SHOP,35.0,C,2022-07-22,3,False,False,bull,1,0,False,1,1,0.65,0.3,65.0,-35.0,-53.846153846153854,9.833333333333334,True,1-2,09:30,Tuesday,False,,,,,,,,,,,,,,
871,2022-07-19 09:41:26,2022-07-19 10:01:26,SPXW,3905.0,C,2022-07-19,0,True,True,bull,1,0,False,1,1,2.3,2.9,229.99999999999997,60.00000000000001,26.086956521739136,20.0,True,1-2,09:30,Tuesday,True,386.05,386.022,above,0.007,bull,0.007,0.491,,11.4,1.089,PDH,-0.779,1.153,1.153
872,2022-07-19 10:14:46,2022-07-19 10:27:24,SPXW,3840.0,P,2022-07-19,0,True,True,bear,1,0,False,1,1,2.75,1.55,275.0,-120.0,-43.63636363636364,12.633333333333333,True,1-2,10:00,Tuesday,True,386.67,386.2827,above,0.1,bull,0.271,0.771,0.161,44.8,1.089,PDH,-0.619,-0.691,0.691
873,2022-07-19 10:27:46,2022-07-19 10:50:45,SPXW,3910.0,C,2022-07-19,0,True,True,bull,1,0,False,1,1,3.6,5.9,360.0,230.00000000000003,63.888888888888886,22.983333333333334,True,1-2,10:00,Tuesday,True,387.4,386.5082,above,0.231,bull,0.297,0.903,0.357,57.8,1.089,PDH,-0.432,0.929,0.929
874,2022-07-20 09:30:32,2022-07-20 10:22:54,SPXW,3880.0,P,2022-07-20,0,True,True,bear,3,2,True,3,1,2.2333333333333334,0.85,670.0,-415.00000000000006,-61.940298507462686,52.36666666666667,True,3-5,09:30,Wednesday,False,,,,,,,,,,,,,,
875,2022-07-20 10:29:47,2022-07-20 10:48:54,SPXW,3980.0,C,2022-07-20,0,True,True,bull,1,0,False,1,1,2.4,5.0,240.0,260.0,108.33333333333334,19.116666666666667,True,1-2,10:00,Wednesday,True,392.845,392.1756,above,0.171,bull,0.042,0.981,0.226,59.8,0.064,PDH,0.001,1.312,1.312
876,2022-07-20 12:57:01,2022-07-20 13:08:38,SPXW,3980.0,C,2022-07-20,0,True,True,bull,1,0,False,1,1,2.1,1.05,210.0,-105.0,-50.0,11.616666666666667,True,1-2,12:30,Wednesday,True,394.4,394.1531,above,0.063,bear,-0.032,0.644,-0.412,207.0,0.064,PDH,0.397,0.913,0.913
877,2022-07-20 13:24:52,2022-07-20 13:37:01,SPXW,3980.0,C,2022-07-20,0,True,True,bull,1,0,False,1,1,0.65,0.75,65.0,9.999999999999998,15.384615384615374,12.15,True,1-2,13:00,Wednesday,True,393.35,394.0819,below,-0.186,bear,-0.157,0.442,-0.076,234.9,0.064,PDH,0.13,1.182,1.182
878,2022-07-21 09:38:34,2022-07-21 09:51:40,SPXW,4000.0,C,2022-07-21,0,True,True,bull,1,0,False,1,1,1.9,2.5,190.0,60.00000000000001,31.578947368421062,13.1,True,1-2,09:30,Thursday,True,393.56,393.8633,below,-0.077,bull,0.001,0.0,,8.6,-0.182,PDC,-0.329,1.636,1.636
879,2022-07-21 10:42:38,2022-07-21 11:00:00,SPXW,3990.0,C,2022-07-21,0,True,True,bull,1,0,False,1,1,1.55,2.4,155.0,84.99999999999999,54.83870967741935,17.366666666666667,True,1-2,10:30,Thursday,True,393.115,393.7415,below,-0.159,bear,-0.176,0.353,-0.189,72.6,-0.182,PDC,-0.442,1.497,1.497
880,2022-07-21 11:40:05,2022-07-21 11:41:49,SPXW,3935.0,P,2022-07-21,0,True,True,bear,1,0,False,1,1,2.55,2.15,254.99999999999997,-39.99999999999999,-15.686274509803921,1.7333333333333334,True,1-2,11:30,Thursday,True,395.44,393.9879,above,0.369,bull,0.12,0.887,0.203,130.1,-0.182,PDC,0.147,-0.491,0.491
881,2022-07-21 12:27:13,2022-07-21 12:34:17,SPXW,3995.0,C,2022-07-21,0,True,True,bull,1,0,False,1,1,3.7,4.7,370.0,100.0,27.027027027027017,7.066666666666666,True,1-2,12:00,Thursday,True,396.88,394.2224,above,0.674,bull,0.207,0.983,0.387,177.2,-0.182,PDH,0.159,0.66,0.66
882,2022-07-21 14:02:31,2022-07-21 14:22:03,SPY,402.0,C,2022-07-22,1,False,True,bull,1,0,False,1,1,0.31,0.37,31.0,6.0,19.354838709677423,19.533333333333335,True,1-2,14:00,Thursday,True,396.46,394.8151,above,0.417,bear,-0.002,0.804,-0.025,272.5,-0.182,PDH,0.053,1.397,1.397
883,2022-07-22 09:55:30,2022-07-22 10:00:25,TSLA,860.0,C,2022-07-22,0,True,False,bull,1,0,False,1,1,1.68,0.65,168.0,-102.99999999999999,-61.30952380952381,4.916666666666667,True,1-2,09:30,Friday,False,,,,,,,,,,,,,,
884,2022-07-22 10:03:48,2022-07-22 11:04:18,SPXW,4035.0,C,2022-07-22,0,True,True,bull,3,2,True,3,1,1.7833333333333334,0.75,535.0,-310.00000000000006,-57.94392523364487,60.5,True,3-5,10:00,Friday,True,397.935,398.9184,below,-0.247,bull,0.128,0.0,,33.8,-0.013,PDH,-0.227,1.398,1.398
885,2022-07-22 11:23:16,2022-07-22 11:44:34,SPXW,3950.0,P,2022-07-22,0,True,True,bear,2,0,False,1,2,2.3,5.4,459.99999999999994,620.0000000000001,134.7826086956522,21.3,True,1-2,11:00,Friday,True,397.925,398.5994,below,-0.169,bear,-0.009,0.204,-0.142,113.3,-0.013,PDH,-0.229,-0.735,0.735
886,2022-07-22 13:01:34,2022-07-22 13:19:43,SPXW,3935.0,P,2022-07-22,0,True,True,bear,2,0,False,1,2,1.9,2.25,380.0,70.00000000000001,18.42105263157896,18.15,True,1-2,13:00,Friday,True,395.24,397.4678,below,-0.56,bear,-0.128,0.057,-0.078,211.6,-0.013,PDH,-0.903,-0.44,0.44
887,2022-07-22 13:18:51,2022-07-22 13:35:50,SPXW,3940.0,P,2022-07-22,0,True,True,bear,1,0,False,1,1,3.2,7.2,320.0,400.0,125.0,16.983333333333334,True,1-2,13:00,Friday,True,394.77,397.2756,below,-0.631,bear,-0.145,0.024,-0.167,228.8,-0.013,PDL,0.791,-0.195,0.195
888,2022-07-22 15:07:12,2022-07-22 15:14:09,SPXW,3850.0,P,2022-07-25,3,False,True,bear,1,0,False,1,1,0.9,0.6,90.0,-30.000000000000004,-33.333333333333336,6.95,True,1-2,15:00,Friday,True,393.84,396.1598,below,-0.586,bear,-0.061,0.146,0.086,337.2,-0.013,PDL,0.554,-2.245,2.245
889,2022-07-25 09:47:45,2022-07-25 09:56:00,SPXW,3920.0,P,2022-07-25,0,True,True,bear,1,0,False,1,1,2.85,2.0,285.0,-85.00000000000001,-29.824561403508774,8.25,True,1-2,09:30,Monday,True,395.58,394.8947,above,0.174,bull,0.087,0.84,,17.8,0.18,PDC,0.114,-0.905,0.905
890,2022-07-25 10:41:59,2022-07-25 10:56:17,SPXW,3915.0,P,2022-07-25,0,True,True,bear,2,0,False,1,1,2.25,1.05,450.0,-240.0,-53.333333333333336,14.3,True,1-2,10:30,Monday,True,394.45,395.0031,below,-0.14,bull,0.008,0.267,-0.215,72.0,0.18,PDC,-0.172,-0.748,0.748
891,2022-07-25 11:55:03,2022-07-25 12:13:51,SPXW,3995.0,C,2022-07-25,0,True,True,bull,3,1,True,2,1,1.95,1.0,585.0,-284.99999999999994,-48.71794871794871,18.8,True,3-5,11:30,Monday,True,395.83,395.1509,above,0.172,bull,0.085,0.817,0.19,145.1,0.18,PDC,0.177,0.927,0.927
892,2022-07-25 14:13:04,2022-07-25 14:33:04,SPXW,3925.0,P,2022-07-25,0,True,True,bear,4,0,False,1,1,0.55,0.4,220.00000000000003,-60.00000000000001,-27.27272727272727,20.0,True,3-5,14:00,Monday,True,394.34,395.2378,below,-0.227,bear,-0.108,0.176,-0.133,283.1,0.18,PDC,-0.2,-0.467,0.467
893,2022-07-25 14:30:52,2022-07-25 14:35:48,SPXW,3940.0,P,2022-07-25,0,True,True,bear,1,0,False,1,1,2.75,1.5,275.0,-125.0,-45.45454545454546,4.933333333333334,True,1-2,14:30,Monday,True,394.295,395.2024,below,-0.23,bear,-0.106,0.159,-0.047,300.9,0.18,PDC,-0.211,-0.075,0.075
894,2022-07-25 14:48:24,2022-07-25 15:02:14,SPXW,3940.0,P,2022-07-25,0,True,True,bear,3,1,True,2,1,2.1666666666666665,1.3500000000000003,650.0,-244.99999999999994,-37.69230769230767,13.833333333333334,True,3-5,14:30,Monday,True,394.55,395.1382,below,-0.149,bear,-0.084,0.259,-0.033,318.4,0.18,PDC,-0.147,-0.139,0.139
895,2022-07-26 10:01:29,2022-07-26 11:58:17,TSLA,730.0,P,2022-07-29,3,False,False,bear,1,0,False,1,1,2.72,4.75,272.0,202.99999999999997,74.63235294117645,116.8,True,1-2,10:00,Tuesday,False,,,,,,,,,,,,,,
896,2022-07-26 10:12:37,2022-07-26 10:14:59,SPXW,3900.0,P,2022-07-26,0,True,True,bear,1,0,False,1,1,1.55,1.95,155.0,39.99999999999999,25.806451612903224,2.3666666666666667,True,1-2,10:00,Tuesday,True,393.39,393.2734,above,0.03,bear,-0.08,0.629,-0.046,42.6,-0.448,PDL,0.041,-0.862,0.862
897,2022-07-26 10:18:34,2022-07-26 10:47:46,SPXW,3900.0,P,2022-07-26,0,True,True,bear,2,0,False,1,1,1.8,1.35,360.0,-89.99999999999999,-25.0,29.2,True,1-2,10:00,Tuesday,True,392.86,393.2579,below,-0.101,bear,-0.095,0.326,-0.104,48.6,-0.448,PDL,-0.094,-0.728,0.728
898,2022-07-26 10:34:35,2022-07-26 10:46:09,SPXW,3910.0,P,2022-07-26,0,True,True,bear,1,0,False,1,1,3.7,2.7,370.0,-100.0,-27.027027027027028,11.566666666666666,True,1-2,10:30,Tuesday,True,392.55,393.1424,below,-0.151,bear,-0.129,0.149,-0.173,64.6,-0.448,PDL,-0.173,-0.395,0.395
899,2022-07-26 10:55:08,2022-07-26 11:35:12,SPXW,3910.0,P,2022-07-26,0,True,True,bear,2,0,False,1,2,3.6,5.05,720.0,289.99999999999994,40.27777777777777,40.06666666666667,True,1-2,10:30,Tuesday,True,392.35,392.9907,below,-0.163,bear,-0.121,0.082,-0.01,85.1,-0.448,PDL,-0.224,-0.344,0.344
900,2022-07-26 11:52:28,2022-07-26 12:17:53,SPXW,3890.0,P,2022-07-26,0,True,True,bear,2,0,False,1,1,1.6,1.0,320.0,-120.00000000000001,-37.5,25.416666666666668,True,1-2,11:30,Tuesday,True,391.06,392.5383,below,-0.377,bear,-0.161,0.013,-0.288,142.5,-0.448,PDL,-0.552,-0.527,0.527
901,2022-07-27 09:37:39,2022-07-27 10:03:01,MSFT,270.0,C,2022-07-29,2,False,False,bull,1,0,False,1,1,1.44,1.0,144.0,-43.99999999999999,-30.555555555555557,25.366666666666667,True,1-2,09:30,Wednesday,False,,,,,,,,,,,,,,
902,2022-07-27 09:59:17,2022-07-27 10:07:53,TSLA,740.0,P,2022-07-29,2,False,False,bear,1,0,False,1,1,1.44,0.97,144.0,-47.0,-32.638888888888886,8.6,True,1-2,09:30,Wednesday,False,,,,,,,,,,,,,,
903,2022-07-27 14:21:54,2022-07-27 14:37:23,SPXW,4030.0,C,2022-07-27,0,True,True,bull,4,1,True,2,3,2.1875,4.15,875.0,785.0000000000001,89.71428571428572,15.483333333333333,True,3-5,14:00,Wednesday,True,396.57,395.9212,above,0.164,bull,0.013,0.723,0.05,291.9,0.942,PDH,0.642,1.621,1.621
904,2022-07-27 14:44:36,2022-07-27 15:18:49,SPXW,4040.0,C,2022-07-27,0,True,True,bull,2,1,True,2,1,2.4,1.05,480.0,-270.0,-56.25,34.21666666666667,True,1-2,14:30,Wednesday,True,398.4,396.0188,above,0.601,bull,0.067,0.986,0.639,314.6,0.942,PDH,1.106,1.406,1.406
905,2022-07-27 15:43:15,2022-07-28 10:47:16,SPXW,3920.0,P,2022-07-28,1,False,True,bear,3,2,True,3,1,1.0333333333333334,0.15,310.0,-265.00000000000006,-85.48387096774194,1144.0166666666667,True,3-5,15:30,Wednesday,True,402.005,398.4586,above,0.89,bull,0.428,0.904,0.282,373.2,0.942,PDH,2.021,-2.489,2.489
906,2022-07-28 09:56:34,2022-07-28 10:47:12,SPXW,3960.0,P,2022-07-28,0,True,True,bear,4,2,True,3,2,2.8625,1.1875,1145.0,-669.9999999999999,-58.515283842794766,50.63333333333333,True,3-5,09:30,Thursday,True,398.72,401.2809,below,-0.638,bull,0.038,0.085,,26.6,0.214,PDC,-0.574,-0.682,0.682
907,2022-07-28 10:59:22,2022-07-28 11:21:00,SPXW,4055.0,C,2022-07-28,0,True,True,bull,3,0,False,1,2,1.95,3.15,585.0,359.99999999999994,61.53846153846154,21.633333333333333,True,3-5,10:30,Thursday,True,400.95,400.2221,above,0.182,bull,0.028,0.611,0.548,89.4,0.214,PDC,-0.017,1.135,1.135
908,2022-07-28 11:32:44,2022-07-28 11:58:30,SPXW,4070.0,C,2022-07-28,0,True,True,bull,2,0,False,1,2,1.9,3.2,380.0,260.00000000000006,68.42105263157896,25.766666666666666,True,1-2,11:30,Thursday,True,403.78,400.5885,above,0.797,bull,0.283,0.989,0.553,122.7,0.214,PDH,0.231,0.797,0.797
909,2022-07-28 12:02:51,2022-07-28 13:14:19,SPXW,4020.0,P,2022-07-28,0,True,True,bear,2,0,False,1,2,2.0,1.1749999999999998,400.0,-165.00000000000003,-41.25000000000001,71.46666666666667,True,1-2,12:00,Thursday,True,403.66,401.1211,above,0.633,bull,0.295,0.868,-0.03,152.8,0.214,PDH,0.201,-0.411,0.411
910,2022-07-29 10:06:15,2022-07-29 11:11:13,SPXW,4150.0,C,2022-07-29,0,True,True,bull,3,1,True,2,1,1.8999999999999997,0.65,569.9999999999999,-374.9999999999999,-65.78947368421052,64.96666666666667,True,3-5,10:00,Friday,True,409.98,408.5757,above,0.344,bull,0.289,0.988,0.68,36.2,0.419,PDH,0.784,1.224,1.224
911,2022-07-29 10:07:08,2022-07-29 11:04:50,SPXW,4160.0,C,2022-07-29,0,True,True,bull,2,0,False,1,1,1.0,0.3,200.0,-140.0,-70.0,57.7,True,1-2,10:00,Friday,True,409.98,408.5757,above,0.344,bull,0.289,0.988,0.68,37.1,0.419,PDH,0.784,1.468,1.468
912,2022-07-29 10:51:16,2022-07-29 10:58:23,BABA,95.0,C,2022-07-29,0,True,False,bull,1,0,False,1,1,0.4,0.23,40.0,-17.0,-42.50000000000001,7.116666666666666,True,1-2,10:30,Friday,False,,,,,,,,,,,,,,
913,2022-07-29 11:12:20,2022-07-29 12:45:26,SPXW,4060.0,P,2022-07-29,0,True,True,bear,6,2,True,3,1,1.95,0.3,1170.0,-989.9999999999999,-84.61538461538461,93.1,True,6-10,11:00,Friday,True,409.27,409.3234,below,-0.013,bull,0.127,0.592,-0.274,102.3,0.419,PDH,0.61,-0.799,0.799
914,2022-07-29 14:00:31,2022-07-29 15:39:41,SPXW,4140.0,C,2022-07-29,0,True,True,bull,2,0,False,1,2,1.45,3.25,290.0,360.0,124.13793103448279,99.16666666666667,True,1-2,14:00,Friday,True,410.88,409.527,above,0.33,bull,0.091,0.925,0.19,270.5,0.419,PDH,1.005,0.759,0.759
915,2022-07-29 14:44:35,2022-07-29 15:06:32,NFLX,227.5,C,2022-07-29,0,True,False,bull,2,0,False,1,1,0.19,0.07,38.0,-24.0,-63.1578947368421,21.95,True,1-2,14:30,Friday,False,,,,,,,,,,,,,,
916,2022-08-01 09:50:48,2022-08-01 10:06:28,SPXW,4180.0,C,2022-08-02,1,False,True,bull,1,0,False,1,1,3.2,6.6,320.0,339.99999999999994,106.24999999999996,15.666666666666666,True,1-2,09:30,Monday,True,410.38,409.5734,above,0.197,bear,-0.12,0.88,,20.8,-0.716,PDC,-0.425,1.857,1.857
917,2022-08-01 11:57:13,2022-08-01 12:04:16,SPXW,4160.0,C,2022-08-01,0,True,True,bull,1,0,False,1,1,2.4,1.65,240.0,-75.0,-31.25,7.05,True,1-2,11:30,Monday,True,413.035,411.0026,above,0.495,bull,0.091,0.929,0.081,147.2,-0.716,PDH,0.008,0.718,0.718
918,2022-08-01 14:37:36,2022-08-01 14:58:47,SPXW,4130.0,C,2022-08-01,0,True,True,bull,3,1,True,2,2,1.9000000000000001,3.9,570.0,599.9999999999999,105.26315789473682,21.183333333333334,True,3-5,14:30,Monday,True,410.52,410.8903,below,-0.09,bear,-0.064,0.425,0.203,307.6,-0.716,PDC,-0.391,0.604,0.604
919,2022-08-02 10:26:31,2022-08-03 09:38:29,AMD,92.0,P,2022-08-05,3,False,False,bear,1,0,False,1,1,1.79,0.66,179.0,-112.99999999999999,-63.12849162011174,1391.9666666666667,True,1-2,10:00,Tuesday,False,,,,,,,,,,,,,,
920,2022-08-02 10:34:27,2022-08-02 10:43:12,SPXW,4060.0,P,2022-08-02,0,True,True,bear,2,0,False,1,1,3.3,1.85,660.0,-289.99999999999994,-43.93939393939393,8.75,True,1-2,10:30,Tuesday,True,409.04,408.4416,above,0.146,bear,-0.153,0.775,0.093,64.5,-0.399,PDL,0.157,-0.743,0.743
921,2022-08-02 13:50:02,2022-08-02 14:10:37,SPXW,4080.0,P,2022-08-02,0,True,True,bear,2,0,False,1,1,2.9,0.9,580.0,-400.0,-68.96551724137932,20.583333333333332,True,1-2,13:30,Tuesday,True,409.15,410.1327,below,-0.24,bear,-0.171,0.371,-0.742,260.0,-0.399,PDL,0.184,-0.281,0.281
922,2022-08-02 14:54:50,2022-08-02 15:18:59,SPXW,4120.0,C,2022-08-02,0,True,True,bull,2,0,False,1,1,2.35,0.25,470.0,-420.0,-89.36170212765957,24.15,True,1-2,14:30,Tuesday,True,410.22,410.0969,above,0.03,bear,-0.05,0.548,0.107,324.8,-0.399,PDC,-0.134,0.434,0.434
923,2022-08-03 09:37:15,2022-08-03 09:47:06,SPXW,4160.0,C,2022-08-03,0,True,True,bull,1,0,False,1,1,2.75,1.7,275.0,-105.0,-38.18181818181819,9.85,True,1-2,09:30,Wednesday,True,410.49,410.4833,above,0.002,bear,-0.065,0.511,,7.2,0.532,PDC,0.578,1.342,1.342
924,2022-08-03 09:58:06,2022-08-03 10:05:09,SPXW,4080.0,P,2022-08-03,0,True,True,bear,1,0,False,1,1,2.0,1.0,200.0,-100.0,-50.0,7.05,True,1-2,09:30,Wednesday,True,411.335,410.9182,above,0.101,bull,0.108,0.777,,28.1,0.532,PDH,-0.394,-0.811,0.811
925,2022-08-03 10:23:01,2022-08-03 11:12:43,SPXW,4080.0,P,2022-08-03,0,True,True,bear,1,0,False,1,1,2.1,0.55,210.0,-155.0,-73.80952380952381,49.7,True,1-2,10:00,Wednesday,True,410.86,411.1786,below,-0.077,bull,0.156,0.35,-0.078,53.0,0.532,PDH,-0.509,-0.696,0.696
926,2022-08-04 10:30:46,2022-08-04 11:51:29,SPXW,4100.0,P,2022-08-04,0,True,True,bear,2,0,False,1,1,1.9,0.35,380.0,-309.99999999999994,-81.57894736842105,80.71666666666667,True,1-2,10:30,Thursday,True,413.44,414.297,below,-0.207,bear,-0.083,0.101,-0.249,60.8,0.0,PDC,-0.229,-0.832,0.832
927,2022-08-04 15:43:28,2022-08-05 09:41:40,WYNN,69.0,C,2022-08-05,1,False,False,bull,1,0,False,1,1,0.13,0.02,13.0,-11.0,-84.61538461538461,1078.2,True,1-2,15:30,Thursday,False,,,,,,,,,,,,,,
928,2022-08-05 10:04:17,2022-08-05 10:15:33,SPXW,4185.0,C,2022-08-05,0,True,True,bull,1,0,False,1,1,0.7,1.3,70.0,60.00000000000001,85.71428571428574,11.266666666666667,True,1-2,10:00,Friday,True,412.03,411.3252,above,0.171,bear,-0.2,0.935,,34.3,-1.079,PDL,-0.115,1.57,1.57
929,2022-08-08 09:43:26,2022-08-08 11:19:31,SPXW,4220.0,C,2022-08-08,0,True,True,bull,1,0,False,1,1,1.25,0.15,125.0,-110.00000000000001,-88.0,96.08333333333333,True,1-2,09:30,Monday,True,416.31,416.0139,above,0.071,bull,0.24,0.858,,13.4,0.435,PDH,0.526,1.367,1.367
930,2022-08-10 09:33:55,2022-08-10 11:30:18,SPXW,4070.0,P,2022-08-10,0,True,True,bear,1,0,False,1,1,0.2,0.05,20.0,-15.000000000000002,-75.0,116.38333333333334,True,1-2,09:30,Wednesday,False,,,,,,,,,,,,,,
931,2022-08-11 10:11:57,2022-08-11 10:17:36,SPXW,4270.0,C,2022-08-11,0,True,True,bull,1,0,False,1,1,2.6,3.3,260.0,69.99999999999997,26.923076923076916,5.65,True,1-2,10:00,Thursday,True,423.96,423.0913,above,0.205,bull,0.351,0.869,0.317,42.0,0.76,PDH,0.909,0.717,0.717
932,2022-08-11 11:49:41,2022-08-12 12:32:10,MDB,420.0,C,2022-08-19,8,False,False,bull,1,0,False,1,1,1.76,0.8,176.0,-96.0,-54.54545454545454,1482.4833333333333,True,1-2,11:30,Thursday,False,,,,,,,,,,,,,,
933,2022-08-11 12:38:14,2022-08-11 13:48:15,SPXW,4250.0,C,2022-08-11,0,True,True,bull,4,2,True,3,1,1.8624999999999998,0.55,744.9999999999999,-524.9999999999999,-70.46979865771812,70.01666666666667,True,3-5,12:30,Thursday,True,422.39,422.8007,below,-0.097,bear,-0.036,0.332,0.17,188.2,0.76,PDH,0.536,0.618,0.618
934,2022-08-12 09:34:38,2022-08-12 10:42:01,SNOW,172.5,C,2022-08-12,0,True,False,bull,2,1,True,2,1,0.4,0.06,80.0,-68.0,-85.0,67.38333333333334,True,1-2,09:30,Friday,False,,,,,,,,,,,,,,
935,2022-08-12 10:13:12,2022-08-12 10:49:57,MSFT,290.0,C,2022-08-12,0,True,False,bull,3,1,True,2,1,0.4166666666666667,0.20000000000000004,125.0,-64.99999999999999,-51.99999999999999,36.75,True,3-5,10:00,Friday,False,,,,,,,,,,,,,,
936,2022-08-12 14:36:02,2022-08-12 14:42:41,TSLA,900.0,C,2022-08-12,0,True,False,bull,1,0,False,1,1,0.93,1.27,93.0,34.0,36.559139784946225,6.65,True,1-2,14:30,Friday,False,,,,,,,,,,,,,,
937,2022-08-12 14:38:24,2022-08-12 15:10:30,SPXW,4270.0,C,2022-08-12,0,True,True,bull,1,0,False,1,1,2.7,3.7,270.0,100.0,37.037037037037024,32.1,True,1-2,14:30,Friday,True,425.785,423.4428,above,0.553,bull,0.092,0.999,0.227,308.4,0.481,PDH,0.199,0.285,0.285
938,2022-08-15 10:05:08,2022-08-15 10:11:52,SPXW,4295.0,C,2022-08-15,0,True,True,bull,1,0,False,1,1,3.7,2.6,370.0,-110.00000000000001,-29.729729729729726,6.733333333333333,True,1-2,10:00,Monday,True,426.65,425.848,above,0.188,bull,0.068,0.737,0.297,35.1,-0.518,PDC,-0.089,0.668,0.668
939,2022-08-15 10:14:12,2022-08-15 10:32:17,SPXW,4240.0,P,2022-08-15,0,True,True,bear,1,0,False,1,1,2.4,1.4,240.0,-100.0,-41.666666666666664,18.083333333333332,True,1-2,10:00,Monday,True,426.575,425.9161,above,0.155,bull,0.067,0.708,0.233,44.2,-0.518,PDC,-0.107,-0.604,0.604
940,2022-08-16 13:30:28,2022-08-16 13:37:28,SPXW,4300.0,P,2022-08-16,0,True,True,bear,2,0,False,1,1,1.65,0.8,330.0,-169.99999999999997,-51.515151515151516,7.0,True,1-2,13:30,Tuesday,True,430.34,428.7575,above,0.369,bull,0.068,0.952,0.13,240.5,-0.273,PDH,0.233,-0.079,0.079
941,2022-08-16 13:38:38,2022-08-16 14:03:08,SPXW,4320.0,C,2022-08-16,0,True,True,bull,1,0,False,1,1,3.5,4.9,350.0,140.00000000000003,40.000000000000014,24.5,True,1-2,13:30,Tuesday,True,430.41,428.7818,above,0.38,bull,0.068,0.971,0.114,248.6,-0.273,PDH,0.249,0.369,0.369
942,2022-08-17 09:34:20,2022-08-17 09:36:02,SPXW,4310.0,C,2022-08-17,0,True,True,bull,1,0,False,1,1,2.25,3.3,225.0,104.99999999999999,46.66666666666666,1.7,True,1-2,09:30,Wednesday,False,,,,,,,,,,,,,,
943,2022-08-17 12:09:58,2022-08-17 12:22:00,SPXW,4230.0,P,2022-08-17,0,True,True,bear,1,0,False,1,1,2.25,1.55,225.0,-70.0,-31.11111111111111,12.033333333333333,True,1-2,12:00,Wednesday,True,425.325,426.1076,below,-0.184,bear,-0.129,0.259,-0.13,160.0,-0.875,PDL,-0.368,-0.547,0.547
944,2022-08-17 13:15:42,2022-08-17 14:15:30,SPY,423.0,P,2022-08-17,0,True,True,bear,1,0,False,1,1,0.14,0.02,14.000000000000002,-12.000000000000002,-85.71428571428572,59.8,True,1-2,13:00,Wednesday,True,426.61,426.1011,above,0.119,bull,0.048,0.697,0.005,225.7,-0.875,PDL,-0.067,-0.846,0.846
945,2022-08-18 09:32:04,2022-08-18 09:38:55,SAVA,35.0,C,2022-08-19,1,False,False,bull,1,0,False,1,1,1.88,2.9,188.0,102.0,54.255319148936174,6.85,True,1-2,09:30,Thursday,False,,,,,,,,,,,,,,
946,2022-08-18 10:17:56,2022-08-18 10:49:46,SPXW,4295.0,C,2022-08-18,0,True,True,bull,1,0,False,1,1,2.55,3.8,254.99999999999997,125.0,49.01960784313726,31.833333333333332,True,1-2,10:00,Thursday,True,426.0,426.1368,below,-0.032,bear,-0.101,0.32,-0.199,47.9,0.045,PDC,-0.157,0.822,0.822
947,2022-08-18 10:41:55,2022-08-18 12:20:52,TSLA,970.0,C,2022-08-19,1,False,False,bull,1,0,False,1,1,1.13,0.77,112.99999999999999,-35.999999999999986,-31.85840707964601,98.95,True,1-2,10:30,Thursday,False,,,,,,,,,,,,,,
948,2022-08-18 11:37:33,2022-08-18 12:21:00,SPXW,4335.0,C,2022-08-19,1,False,True,bull,1,0,False,1,1,3.0,1.9,300.0,-110.00000000000001,-36.66666666666667,43.45,True,1-2,11:30,Thursday,True,427.66,426.5643,above,0.257,bull,0.067,0.909,0.274,127.5,0.045,PDC,0.232,1.366,1.366
949,2022-08-19 10:00:54,2022-08-19 10:40:39,MDB,350.0,C,2022-08-19,0,True,False,bull,1,0,False,1,1,0.55,0.1,55.00000000000001,-45.00000000000001,-81.81818181818181,39.75,True,1-2,10:00,Friday,False,,,,,,,,,,,,,,
950,2022-08-19 14:15:15,2022-08-19 14:56:18,GOOGL,117.5,C,2022-08-19,0,True,False,bull,1,0,False,1,1,0.16,0.08,16.0,-8.0,-50.0,41.05,True,1-2,14:00,Friday,False,,,,,,,,,,,,,,
951,2022-08-19 14:15:32,2022-08-19 14:33:33,TSLA,895.0,C,2022-08-19,0,True,False,bull,1,0,False,1,1,0.43,1.1,43.0,67.00000000000001,155.8139534883721,18.016666666666666,True,1-2,14:00,Friday,False,,,,,,,,,,,,,,
952,2022-08-19 14:59:48,2022-08-19 15:08:38,SPXW,4210.0,P,2022-08-19,0,True,True,bear,3,0,False,1,2,1.3500000000000003,1.8866666666666667,405.00000000000006,160.99999999999994,39.75308641975306,8.833333333333334,True,3-5,14:30,Friday,True,421.84,422.9568,below,-0.264,bear,-0.057,0.023,-0.097,329.8,-0.694,PDL,-0.866,-0.199,0.199
953,2022-08-22 09:57:23,2022-08-22 10:04:17,SPXW,4130.0,P,2022-08-22,0,True,True,bear,3,0,False,1,2,1.75,2.066666666666667,525.0,95.00000000000001,18.0952380952381,6.9,True,3-5,09:30,Monday,True,416.12,416.3779,below,-0.062,bear,-0.483,0.305,,27.4,-1.22,PDL,-1.217,-0.75,0.75
954,2022-08-22 10:10:22,2022-08-22 10:15:46,SPXW,4200.0,C,2022-08-22,0,True,True,bull,1,0,False,1,1,2.0,1.35,200.0,-64.99999999999999,-32.49999999999999,5.4,True,1-2,10:00,Monday,True,415.785,416.2737,below,-0.117,bear,-0.493,0.125,-0.131,40.4,-1.22,PDL,-1.296,1.014,1.014
955,2022-08-22 10:18:53,2022-08-22 11:02:22,SPXW,4125.0,P,2022-08-22,0,True,True,bear,2,0,False,1,2,1.75,2.125,350.0,75.0,21.42857142857142,43.483333333333334,True,1-2,10:00,Monday,True,415.61,416.24,below,-0.151,bear,-0.49,0.058,-0.281,48.9,-1.22,PDL,-1.338,-0.748,0.748
956,2022-08-23 11:19:03,2022-08-23 12:07:07,SPXW,4110.0,P,2022-08-23,0,True,True,bear,2,0,False,1,2,2.45,3.05,490.00000000000006,119.99999999999993,24.489795918367328,48.06666666666667,True,1-2,11:00,Tuesday,True,412.99,414.0063,below,-0.245,bear,-0.079,0.279,-0.23,109.0,-0.138,PDC,-0.102,-0.482,0.482
957,2022-08-23 13:35:05,2022-08-23 13:47:38,SPXW,4155.0,C,2022-08-23,0,True,True,bull,3,0,False,1,1,2.3,1.0,690.0,-389.99999999999994,-56.52173913043478,12.55,True,3-5,13:30,Tuesday,True,413.57,413.5941,below,-0.006,bull,0.028,0.494,0.114,245.1,-0.138,PDC,0.039,0.467,0.467
958,2022-08-24 10:48:32,2022-08-24 11:02:51,SPXW,4150.0,C,2022-08-24,0,True,True,bull,1,0,False,1,1,3.6,4.1,360.0,49.99999999999996,13.888888888888884,14.316666666666666,True,1-2,10:30,Wednesday,True,412.65,412.4819,above,0.041,bull,0.027,0.577,-0.015,78.5,-0.065,PDC,0.085,0.569,0.569
959,2022-08-24 11:34:10,2022-08-24 11:45:20,SPXW,4130.0,P,2022-08-24,0,True,True,bear,1,0,False,1,1,2.5,2.0,250.0,-50.0,-19.999999999999996,11.166666666666666,True,1-2,11:30,Wednesday,True,414.415,412.8776,above,0.372,bull,0.125,0.95,0.289,124.2,-0.065,PDH,-0.238,-0.341,0.341
960,2022-08-24 11:53:57,2022-08-24 12:23:43,SPXW,4170.0,C,2022-08-24,0,True,True,bull,1,0,False,1,1,2.55,1.25,254.99999999999997,-129.99999999999997,-50.98039215686274,29.766666666666666,True,1-2,11:30,Wednesday,True,414.7,413.0031,above,0.411,bull,0.139,0.97,0.113,143.9,-0.065,PDH,-0.17,0.555,0.555
961,2022-08-25 13:18:52,2022-08-25 13:23:22,SPXW,4175.0,C,2022-08-25,0,True,True,bull,2,0,False,1,1,2.75,3.6,550.0,170.00000000000003,30.909090909090907,4.5,True,1-2,13:00,Thursday,True,415.59,416.0886,below,-0.12,bear,-0.032,0.389,0.046,228.9,0.377,PDH,0.117,0.46,0.46
962,2022-08-25 14:15:41,2022-08-25 14:36:31,SPXW,4190.0,C,2022-08-25,0,True,True,bull,3,0,False,1,1,0.8000000000000002,0.4000000000000001,240.00000000000003,-120.00000000000001,-50.0,20.833333333333332,True,3-5,14:00,Thursday,True,416.76,416.1657,above,0.143,bull,0.074,0.705,0.012,285.7,0.377,PDH,0.399,0.537,0.537
963,2022-08-26 10:38:58,2022-08-26 11:12:23,SPXW,4080.0,P,2022-08-26,0,True,True,bear,2,1,True,2,2,2.0999999999999996,2.85,419.99999999999994,150.00000000000009,35.714285714285744,33.416666666666664,True,1-2,10:30,Friday,True,413.64,417.256,below,-0.867,bear,-0.204,0.078,-0.412,69.0,-0.014,PDL,-0.123,-1.364,1.364
964,2022-08-26 11:21:34,2022-08-26 11:54:14,SPXW,4080.0,P,2022-08-26,0,True,True,bear,1,0,False,1,1,4.1,1.1,409.99999999999994,-299.99999999999994,-73.17073170731707,32.666666666666664,True,1-2,11:00,Friday,True,410.755,415.9481,below,-1.248,bear,-0.487,0.009,-0.648,111.6,-0.014,PDL,-0.82,-0.671,0.671
965,2022-08-29 11:56:25,2022-08-29 12:03:10,SPXW,4010.0,P,2022-08-29,0,True,True,bear,1,0,False,1,1,4.0,2.4,400.0,-160.0,-40.0,6.75,True,1-2,11:30,Monday,True,403.14,402.6609,above,0.119,bear,-0.046,0.595,0.171,146.4,-0.772,PDL,-0.53,-0.531,0.531
966,2022-08-29 12:03:58,2022-08-29 12:36:51,SPXW,4075.0,C,2022-08-29,0,True,True,bull,2,0,False,1,2,1.5,1.425,300.0,-14.999999999999991,-4.999999999999993,32.88333333333333,True,1-2,12:00,Monday,True,403.335,402.6659,above,0.166,bear,-0.02,0.655,0.292,154.0,-0.772,PDL,-0.482,1.033,1.033
967,2022-08-30 09:47:05,2022-08-30 10:05:56,SPXW,3995.0,P,2022-08-30,0,True,True,bear,1,0,False,1,1,4.9,8.3,490.00000000000006,340.00000000000006,69.38775510204083,18.85,True,1-2,09:30,Tuesday,True,402.665,403.4002,below,-0.182,bear,-0.128,0.119,,17.1,0.333,PDC,0.009,-0.786,0.786
968,2022-08-30 13:39:50,2022-08-30 16:00:00,SPXW,4020.0,C,2022-08-30,0,True,True,bull,1,0,False,1,0,0.3,0.0,30.0,-30.0,-100.0,140.16666666666666,True,1-2,13:30,Tuesday,True,397.24,399.0282,below,-0.448,bear,-0.153,0.111,-0.203,249.8,0.333,PDL,-0.987,1.198,1.198
969,2022-08-31 09:51:51,2022-08-31 10:00:20,SPXW,4055.0,C,2022-08-31,0,True,True,bull,2,0,False,1,1,2.4,0.9,480.0,-300.0,-62.5,8.483333333333333,True,1-2,09:30,Wednesday,True,400.67,399.7777,above,0.223,bull,0.179,0.82,,21.9,0.44,PDC,0.628,1.205,1.205
970,2022-08-31 10:02:40,2022-08-31 10:19:27,SPXW,3960.0,P,2022-08-31,0,True,True,bear,1,0,False,1,1,3.4,4.4,340.0,100.00000000000004,29.41176470588236,16.783333333333335,True,1-2,10:00,Wednesday,True,399.7,399.982,below,-0.071,bull,0.195,0.496,,32.7,0.44,PDC,0.384,-0.926,0.926
971,2022-09-01 09:40:02,2022-09-01 10:51:54,SPXW,3840.0,P,2022-09-02,1,False,True,bear,1,0,False,1,1,3.8,5.7,380.0,190.00000000000003,50.00000000000002,71.86666666666666,True,1-2,09:30,Thursday,True,392.58,392.5295,above,0.013,bear,-0.257,0.426,,10.0,-0.575,PDL,-0.625,-2.186,2.186
972,2022-09-01 11:29:37,2022-09-01 11:36:31,SPXW,3875.0,P,2022-09-01,0,True,True,bear,1,0,False,1,1,2.15,0.75,215.0,-140.0,-65.11627906976744,6.9,True,1-2,11:00,Thursday,True,391.185,391.7552,below,-0.146,bear,-0.177,0.334,0.188,119.6,-0.575,PDL,-0.978,-0.942,0.942
973,2022-09-01 11:58:54,2022-09-01 12:09:22,SPXW,3855.0,P,2022-09-01,0,True,True,bear,1,0,False,1,1,0.3,0.2,30.0,-9.999999999999998,-33.33333333333333,10.466666666666667,True,1-2,11:30,Thursday,True,391.075,391.7137,below,-0.163,bear,-0.094,0.301,-0.028,148.9,-0.575,PDL,-1.006,-1.426,1.426
974,2022-09-02 09:45:59,2022-09-02 10:05:09,SPXW,3940.0,P,2022-09-02,0,True,True,bear,1,0,False,1,1,2.95,3.8,295.0,84.99999999999997,28.81355932203389,19.166666666666668,True,1-2,09:30,Friday,True,397.96,398.7605,below,-0.201,bull,0.368,0.096,,16.0,0.994,PDH,0.297,-0.995,0.995
975,2022-09-02 10:20:47,2022-09-02 10:27:05,MDB,250.0,C,2022-09-02,0,True,False,bull,1,0,False,1,1,0.85,1.7,85.0,85.0,100.0,6.3,True,1-2,10:00,Friday,False,,,,,,,,,,,,,,
976,2022-09-02 14:39:43,2022-09-06 10:27:05,AMZN,121.0,P,2022-09-23,21,False,False,bear,1,0,False,1,1,2.4,2.95,240.0,55.00000000000003,22.916666666666675,5507.366666666667,True,1-2,14:30,Friday,False,,,,,,,,,,,,,,
977,2022-09-02 14:43:58,2022-09-02 16:00:00,SPXW,3990.0,C,2022-09-02,0,True,True,bull,1,0,False,1,0,0.4,0.0,40.0,-40.0,-100.0,76.03333333333333,True,1-2,14:30,Friday,True,393.8,397.4015,below,-0.906,bear,-0.214,0.167,0.188,314.0,0.994,PDC,-0.638,1.32,1.32
978,2022-09-06 09:32:18,2022-09-06 09:33:42,SPXW,3890.0,P,2022-09-06,0,True,True,bear,1,0,False,1,1,3.7,4.5,370.0,79.99999999999999,21.62162162162162,1.4,True,1-2,09:30,Tuesday,False,,,,,,,,,,,,,,
979,2022-09-06 09:50:43,2022-09-06 09:57:17,SPXW,3855.0,P,2022-09-06,0,True,True,bear,1,0,False,1,1,1.75,2.25,175.0,50.0,28.57142857142858,6.566666666666666,True,1-2,09:30,Tuesday,True,391.57,392.5968,below,-0.262,bear,-0.105,0.04,,20.7,0.245,PDC,-0.158,-1.55,1.55
980,2022-09-07 09:59:40,2022-09-07 11:04:00,SPXW,3870.0,P,2022-09-07,0,True,True,bear,2,1,True,2,2,2.95,2.55,590.0,-80.00000000000007,-13.559322033898313,64.33333333333333,True,1-2,09:30,Wednesday,True,391.795,391.7976,below,-0.001,bull,0.109,0.618,,29.7,-0.107,PDC,0.247,-1.224,1.224
981,2022-09-07 11:46:09,2022-09-07 12:40:07,SPXW,3905.0,P,2022-09-07,0,True,True,bear,1,0,False,1,1,3.8,2.05,380.0,-175.0,-46.05263157894737,53.96666666666667,True,1-2,11:30,Wednesday,True,393.58,392.344,above,0.315,bull,0.16,0.783,-0.152,136.2,-0.107,PDH,-0.137,-0.783,0.783
982,2022-09-08 10:18:07,2022-09-08 10:19:11,SPXW,3950.0,P,2022-09-08,0,True,True,bear,1,0,False,1,1,6.5,5.4,650.0,-109.99999999999997,-16.92307692307692,1.0666666666666667,True,1-2,10:00,Thursday,True,396.55,395.7906,above,0.192,bear,-0.061,0.688,-0.053,48.1,-0.623,PDC,-0.319,-0.391,0.391
983,2022-09-08 13:11:34,2022-09-08 13:41:54,SPXW,4030.0,C,2022-09-08,0,True,True,bull,1,0,False,1,1,0.6,0.9,60.0,30.000000000000004,50.0,30.333333333333332,True,1-2,13:00,Thursday,True,397.61,397.3659,above,0.061,bear,-0.061,0.515,0.161,221.6,-0.623,PDC,-0.053,1.356,1.356
984,2022-09-09 10:08:40,2022-09-09 10:47:22,SPXW,4090.0,C,2022-09-09,0,True,True,bull,3,1,True,2,2,1.9666666666666668,2.4499999999999997,590.0,144.99999999999994,24.576271186440657,38.7,True,3-5,10:00,Friday,True,404.95,403.6899,above,0.312,bull,0.439,0.957,0.315,38.7,0.591,PDH,1.023,1.0,1.0
985,2022-09-09 10:13:48,2022-09-09 10:41:24,MDB,260.0,C,2022-09-09,0,True,False,bull,2,0,False,1,2,0.4,1.1,80.0,140.0,175.0,27.6,True,1-2,10:00,Friday,False,,,,,,,,,,,,,,
986,2022-09-09 10:17:43,2022-09-09 10:48:01,TSLA,300.0,C,2022-09-09,0,True,False,bull,2,0,False,1,2,0.4,0.735,80.0,67.0,83.74999999999999,30.3,True,1-2,10:00,Friday,False,,,,,,,,,,,,,,
987,2022-09-09 10:49:35,2022-09-09 11:02:09,SPXW,4085.0,C,2022-09-09,0,True,True,bull,1,0,False,1,1,3.5,2.75,350.0,-75.0,-21.42857142857143,12.566666666666666,True,1-2,10:30,Friday,True,405.9,404.4211,above,0.366,bull,0.397,0.944,0.272,79.6,0.591,PDH,1.26,0.641,0.641
988,2022-09-09 14:32:24,2022-09-09 14:44:43,MDB,275.0,C,2022-09-09,0,True,False,bull,1,0,False,1,1,0.3,0.05,30.0,-25.0,-83.33333333333333,12.316666666666666,True,1-2,14:30,Friday,False,,,,,,,,,,,,,,
989,2022-09-12 09:45:32,2022-09-12 09:52:19,SPXW,4125.0,C,2022-09-12,0,True,True,bull,1,0,False,1,1,3.7,4.7,370.0,100.0,27.027027027027017,6.783333333333333,True,1-2,09:30,Monday,True,409.29,409.0827,above,0.051,bull,0.172,0.752,,15.5,0.556,PDH,0.437,0.784,0.784
990,2022-09-12 10:09:25,2022-09-12 10:22:11,SPXW,4140.0,C,2022-09-12,0,True,True,bull,2,0,False,1,2,2.7,3.45,540.0,150.0,27.777777777777768,12.766666666666667,True,1-2,10:00,Monday,True,410.74,409.825,above,0.223,bull,0.312,0.875,0.354,39.4,0.556,PDH,0.793,0.794,0.794
991,2022-09-12 12:16:09,2022-09-12 12:18:09,SPXW,4070.0,P,2022-09-12,0,True,True,bear,1,0,False,1,1,3.7,3.0,370.0,-70.00000000000001,-18.918918918918926,2.0,True,1-2,12:00,Monday,True,409.26,410.3418,below,-0.264,bear,-0.089,0.237,-0.302,166.2,0.556,PDH,0.429,-0.552,0.552
992,2022-09-12 12:21:18,2022-09-12 13:10:56,SPXW,4130.0,C,2022-09-12,0,True,True,bull,1,0,False,1,1,0.9,1.35,90.0,45.00000000000001,50.0,49.63333333333333,True,1-2,12:00,Monday,True,409.045,410.3271,below,-0.312,bear,-0.097,0.17,-0.272,171.3,0.556,PDH,0.377,0.967,0.967
993,2022-09-13 09:48:53,2022-09-13 10:01:18,SPXW,3980.0,P,2022-09-13,0,True,True,bear,1,0,False,1,1,5.5,8.4,550.0,290.00000000000006,52.727272727272734,12.416666666666666,True,1-2,09:30,Tuesday,True,401.67,402.0015,below,-0.082,bear,-0.584,0.376,,18.9,-2.243,PDL,-1.672,-0.914,0.914
994,2022-09-13 10:35:12,2022-09-13 10:50:35,SPY,395.0,P,2022-09-14,1,False,True,bear,2,0,False,1,1,1.3,1.56,260.0,52.0,19.999999999999996,15.383333333333333,True,1-2,10:30,Tuesday,True,399.56,401.2525,below,-0.422,bear,-0.682,0.038,-0.043,65.2,-2.243,PDL,-2.188,-1.141,1.141
995,2022-09-13 10:50:04,2022-09-13 10:55:29,SPXW,3950.0,P,2022-09-13,0,True,True,bear,2,0,False,1,2,3.2,3.35,640.0,29.999999999999982,4.6875,5.416666666666667,True,1-2,10:30,Tuesday,True,398.3,400.8788,below,-0.643,bear,-0.659,0.006,-0.671,80.1,-2.243,PDL,-2.497,-0.829,0.829
996,2022-09-14 10:37:59,2022-09-14 10:43:52,SPXW,3890.0,P,2022-09-14,0,True,True,bear,1,0,False,1,1,4.0,1.95,400.0,-204.99999999999997,-51.24999999999999,5.883333333333334,True,1-2,10:30,Wednesday,True,393.19,393.8239,below,-0.161,bear,-0.16,0.369,-0.299,68.0,0.359,PDC,0.041,-1.066,1.066
997,2022-09-14 10:46:30,2022-09-14 10:55:00,SPXW,3900.0,P,2022-09-14,0,True,True,bear,2,0,False,1,1,3.8,1.9,760.0,-380.0,-50.0,8.5,True,1-2,10:30,Wednesday,True,394.69,393.8909,above,0.203,bear,-0.077,0.762,0.1,76.5,0.359,PDC,0.422,-1.188,1.188
998,2022-09-14 10:59:03,2022-09-14 11:20:17,SPXW,3990.0,C,2022-09-14,0,True,True,bull,2,0,False,1,1,3.2,2.15,640.0,-210.00000000000006,-32.812500000000014,21.233333333333334,True,1-2,10:30,Wednesday,True,395.61,393.9849,above,0.412,bull,0.006,0.99,0.585,89.0,0.359,PDC,0.656,0.857,0.857
999,2022-09-15 09:39:13,2022-09-15 10:21:25,MDB,255.0,C,2022-09-16,1,False,False,bull,1,0,False,1,1,1.4,1.95,140.0,55.00000000000001,39.2857142857143,42.2,True,1-2,09:30,Thursday,False,,,,,,,,,,,,,,
1000,2022-09-15 10:58:40,2022-09-15 11:13:15,SPXW,3960.0,C,2022-09-15,0,True,True,bull,3,0,False,1,1,2.0,1.15,600.0,-255.00000000000003,-42.50000000000001,14.583333333333334,True,3-5,10:30,Thursday,True,391.76,393.811,below,-0.521,bear,-0.102,0.078,-0.599,88.7,-0.395,PDL,0.156,1.082,1.082
1001,2022-09-15 11:20:19,2022-09-15 11:35:39,SPXW,3955.0,C,2022-09-15,0,True,True,bull,2,0,False,1,1,2.1,2.55,420.0,89.99999999999994,21.42857142857142,15.333333333333334,True,1-2,11:00,Thursday,True,391.63,393.2992,below,-0.424,bear,-0.213,0.192,-0.285,110.3,-0.395,PDL,0.123,0.988,0.988
1002,2022-09-16 09:33:18,2022-09-16 10:17:17,AMZN,121.0,P,2022-09-16,0,True,False,bear,1,0,False,1,1,0.79,0.52,79.0,-27.0,-34.17721518987342,43.983333333333334,True,1-2,09:30,Friday,False,,,,,,,,,,,,,,
1003,2022-09-16 09:38:02,2022-09-16 10:11:40,GOOGL,100.5,P,2022-09-16,0,True,False,bear,2,0,False,1,1,0.37,0.17,74.0,-40.0,-54.054054054054056,33.63333333333333,True,1-2,09:30,Friday,False,,,,,,,,,,,,,,
1004,2022-09-16 10:14:03,2022-09-16 11:25:12,SPXW,3900.0,C,2022-09-16,0,True,True,bull,2,1,True,2,1,4.4,2.2,880.0000000000001,-440.00000000000006,-50.0,71.15,True,1-2,10:00,Friday,True,383.41,383.4432,below,-0.009,bear,-0.667,0.514,-0.226,44.0,-1.551,PDL,-1.389,1.719,1.719
1005,2022-09-19 10:07:08,2022-09-19 10:13:03,SPXW,3895.0,C,2022-09-19,0,True,True,bull,1,0,False,1,1,4.0,5.4,400.0,140.00000000000003,35.00000000000001,5.916666666666667,True,1-2,10:00,Monday,True,384.2,384.1747,above,0.007,bear,-0.006,0.616,0.214,37.1,-0.858,PDC,-0.358,1.379,1.379
1006,2022-09-20 09:33:08,2022-09-20 09:40:46,SPXW,3920.0,C,2022-09-20,0,True,True,bull,2,0,False,1,1,2.4,1.4,480.0,-200.0,-41.666666666666664,7.633333333333334,True,1-2,09:30,Tuesday,False,,,,,,,,,,,,,,
1007,2022-09-20 09:44:10,2022-09-20 09:58:10,SPXW,3790.0,P,2022-09-20,0,True,True,bear,1,0,False,1,1,1.65,0.85,165.0,-80.0,-48.484848484848484,14.0,True,1-2,09:30,Tuesday,True,384.275,384.8233,below,-0.142,bear,-0.013,0.146,,14.2,-0.888,PDL,0.548,-1.373,1.373
1008,2022-09-21 13:35:18,2022-09-21 13:59:51,SPXW,3980.0,C,2022-09-21,0,True,True,bull,1,0,False,1,1,2.95,4.0,295.0,104.99999999999999,35.593220338983045,24.55,True,1-2,13:30,Wednesday,True,386.27,386.1128,above,0.041,bear,-0.011,0.474,0.057,245.3,0.495,PDH,0.067,3.037,3.037
1009,2022-09-22 09:37:56,2022-09-22 09:44:42,SPXW,3720.0,P,2022-09-22,0,True,True,bear,1,0,False,1,1,4.2,4.9,420.0,70.00000000000001,16.666666666666675,6.766666666666667,True,1-2,09:30,Thursday,True,376.51,376.8933,below,-0.102,bear,-0.68,0.0,,7.9,-0.215,PDL,-0.233,-1.198,1.198
1010,2022-09-23 10:00:07,2022-09-23 11:24:40,SPXW,3625.0,P,2022-09-23,0,True,True,bear,3,0,False,1,1,1.75,0.6999999999999998,525.0,-315.00000000000006,-60.00000000000001,84.55,True,3-5,10:00,Friday,True,367.79,369.0681,below,-0.346,bear,-0.668,0.019,,30.1,-0.999,PDL,-1.527,-1.438,1.438
1011,2022-09-26 10:13:54,2022-09-26 10:16:57,SPXW,3755.0,C,2022-09-26,0,True,True,bull,1,0,False,1,1,2.35,4.0,235.0,165.0,70.2127659574468,3.05,True,1-2,10:00,Monday,True,368.02,367.812,above,0.057,bull,0.209,0.659,0.046,43.9,-0.481,PDC,-0.046,2.032,2.032
1012,2022-09-27 10:06:16,2022-09-27 10:10:05,SPXW,3630.0,P,2022-09-27,0,True,True,bear,1,0,False,1,1,3.8,4.8,380.0,100.0,26.315789473684205,3.816666666666667,True,1-2,10:00,Tuesday,True,367.02,368.654,below,-0.443,bull,0.269,0.165,-0.539,36.3,1.01,PDC,0.738,-1.095,1.095
1013,2022-09-29 09:35:18,2022-09-29 09:39:26,SPXW,3745.0,C,2022-09-29,0,True,True,bull,1,0,False,1,1,1.9,1.0,190.0,-89.99999999999999,-47.36842105263158,4.133333333333334,True,1-2,09:30,Thursday,True,365.99,366.2867,below,-0.081,bear,-0.025,0.132,,5.3,-1.001,PDL,0.927,2.325,2.325
1014,2022-09-30 10:48:31,2022-09-30 11:09:29,SPXW,3695.0,C,2022-09-30,0,True,True,bull,1,0,False,1,1,3.7,5.8,370.0,209.99999999999997,56.75675675675676,20.966666666666665,True,1-2,10:30,Friday,True,364.03,362.4175,above,0.445,bull,0.196,0.889,0.378,78.5,-0.234,PDC,0.35,1.503,1.503
1015,2022-10-03 09:35:14,2022-10-03 09:53:00,NFLX,255.0,C,2022-10-07,4,False,False,bull,1,0,False,1,1,1.74,1.33,174.0,-40.99999999999999,-23.563218390804597,17.766666666666666,True,1-2,09:30,Monday,False,,,,,,,,,,,,,,
1016,2022-10-03 09:50:26,2022-10-03 10:14:28,MDB,217.5,C,2022-10-07,4,False,False,bull,1,0,False,1,1,1.65,0.35,165.0,-129.99999999999997,-78.78787878787878,24.033333333333335,True,1-2,09:30,Monday,False,,,,,,,,,,,,,,
1017,2022-10-03 10:09:01,2022-10-03 10:33:26,SPXW,3685.0,C,2022-10-03,0,True,True,bull,1,0,False,1,1,2.6,3.8,260.0,119.99999999999997,46.153846153846146,24.416666666666668,True,1-2,10:00,Monday,True,362.5,360.8431,above,0.459,bull,0.123,0.878,0.519,39.0,1.072,PDH,-0.908,1.655,1.655
1018,2022-10-04 10:38:34,2022-10-04 11:55:19,SPXW,3800.0,C,2022-10-04,0,True,True,bull,1,0,False,1,1,5.3,3.2,530.0,-209.99999999999997,-39.622641509433954,76.75,True,1-2,10:30,Tuesday,True,376.78,375.3456,above,0.382,bull,0.67,0.912,-0.021,68.6,1.571,PDH,2.236,0.855,0.855
1019,2022-10-05 09:39:18,2022-10-05 11:19:20,SPXW,3680.0,P,2022-10-05,0,True,True,bear,2,1,True,2,1,1.7000000000000002,0.65,340.00000000000006,-210.00000000000006,-61.76470588235294,100.03333333333333,True,1-2,09:30,Wednesday,True,374.63,374.2333,above,0.106,bull,0.014,0.916,,9.3,-1.217,PDL,0.612,-1.77,1.77
1020,2022-10-06 09:42:29,2022-10-06 12:31:36,SPXW,3845.0,C,2022-10-06,0,True,True,bull,1,0,False,1,1,1.45,0.05,145.0,-140.0,-96.55172413793103,169.11666666666667,True,1-2,09:30,Thursday,True,377.405,376.62,above,0.208,bear,-0.002,1.0,,12.5,-0.419,PDC,0.057,1.88,1.88
1021,2022-10-12 12:17:50,2022-10-12 16:00:00,SPY,352.0,P,2022-10-12,0,True,True,bear,1,0,False,1,0,0.1,0.0,10.0,-10.0,-100.0,222.16666666666666,True,1-2,12:00,Wednesday,True,358.42,358.2707,above,0.042,bull,0.045,0.602,-0.156,167.8,0.129,PDC,0.156,-1.791,1.791
1022,2022-10-27 13:35:13,2022-10-27 16:00:00,XSP,388.0,C,2022-10-27,0,True,True,bull,1,0,False,1,0,0.01,0.0,1.0,-1.0,-100.0,144.78333333333333,True,1-2,13:30,Thursday,True,381.33,382.3527,below,-0.267,bear,-0.001,0.244,-0.031,245.2,0.301,PDL,-0.008,1.749,1.749
1023,2023-03-15 09:33:01,2023-03-16 10:00:53,TSLA,170.0,P,2023-03-17,2,False,False,bear,1,0,False,1,1,1.15,0.32,114.99999999999999,-82.99999999999999,-72.17391304347827,1467.8666666666666,True,1-2,09:30,Wednesday,False,,,,,,,,,,,,,,
1024,2023-03-15 10:05:33,2023-03-15 10:28:34,SPY,390.0,C,2023-03-15,0,True,True,bull,1,0,False,1,1,0.71,0.53,71.0,-17.999999999999993,-25.352112676056326,23.016666666666666,True,1-2,10:00,Wednesday,True,386.34,386.4261,below,-0.022,bear,-0.252,0.496,-0.074,35.5,-1.522,PDL,-0.186,0.947,0.947
1025,2023-03-15 11:13:47,2023-03-15 12:11:28,SPXW,3910.0,C,2023-03-15,0,True,True,bull,1,0,False,1,1,2.7,0.9,270.0,-180.00000000000003,-66.66666666666667,57.68333333333333,True,1-2,11:00,Wednesday,True,386.255,386.2577,below,-0.001,bear,-0.14,0.577,0.224,103.8,-1.522,PDL,-0.208,1.228,1.228
1026,2023-03-15 12:21:04,2023-03-15 13:55:57,SPXW,3780.0,P,2023-03-15,0,True,True,bear,1,0,False,1,1,0.9,0.2,90.0,-70.0,-77.77777777777779,94.88333333333334,True,1-2,12:00,Wednesday,True,384.8,386.1789,below,-0.357,bear,-0.138,0.136,-0.52,171.1,-1.522,PDL,-0.584,-1.767,1.767
1027,2023-03-17 10:47:07,2023-03-17 16:00:00,SPXW,3990.0,C,2023-03-17,0,True,True,bull,1,0,False,1,0,0.6,0.0,60.0,-60.0,-100.0,312.8833333333333,True,1-2,10:30,Friday,True,389.7,392.4363,below,-0.697,bear,-0.367,0.001,-0.708,77.1,-0.715,PDL,0.88,2.386,2.386
1028,2023-05-02 10:33:13,2023-05-02 10:54:54,SPY,402.0,P,2023-05-02,0,True,True,bear,1,0,False,1,1,0.02,0.06,2.0,3.9999999999999996,200.0,21.683333333333334,True,1-2,10:30,Tuesday,True,410.88,412.7654,below,-0.457,bear,-0.348,0.064,-0.71,63.2,-0.185,PDL,-1.058,-2.161,2.161
1029,2023-05-08 11:33:07,2023-05-08 16:00:00,SPY,409.0,P,2023-05-08,0,True,True,bear,1,0,False,1,0,0.07,0.0,7.000000000000001,-7.000000000000001,-100.0,266.8833333333333,True,1-2,11:30,Monday,True,412.11,412.2671,below,-0.038,bull,0.002,0.289,-0.068,123.1,0.068,PDC,-0.138,-0.755,0.755
1030,2023-05-25 10:16:43,2023-05-25 10:46:18,TSLA,175.0,P,2023-05-26,1,False,False,bear,2,0,False,1,1,0.65,0.26,130.0,-78.0,-60.0,29.583333333333332,True,1-2,10:00,Thursday,False,,,,,,,,,,,,,,
1031,2023-05-25 13:18:19,2023-05-25 13:27:31,SPXW,4160.0,C,2023-05-25,0,True,True,bull,1,0,False,1,1,2.8,4.2,280.0,140.00000000000003,50.00000000000002,9.2,True,1-2,13:00,Thursday,True,413.99,413.5043,above,0.117,bull,0.034,0.667,-0.037,228.3,0.914,PDH,0.293,0.486,0.486
1032,2023-05-25 14:26:52,2023-05-25 14:34:16,SPXW,4165.0,C,2023-05-25,0,True,True,bull,2,0,False,1,1,3.1,1.1,620.0,-400.0,-64.51612903225806,7.4,True,1-2,14:00,Thursday,True,415.18,413.8086,above,0.331,bull,0.102,0.755,0.145,296.9,0.914,PDH,0.581,0.318,0.318
1033,2023-05-25 14:42:07,2023-05-25 15:49:22,SPXW,4165.0,C,2023-05-25,0,True,True,bull,3,0,False,1,3,1.1,1.45,330.0,104.99999999999994,31.818181818181813,67.25,True,3-5,14:30,Thursday,True,414.34,413.8487,above,0.119,bull,0.041,0.525,-0.116,312.1,0.914,PDH,0.378,0.521,0.521
1034,2023-05-26 09:50:11,2023-05-26 10:01:23,SPXW,4160.0,P,2023-05-26,0,True,True,bear,1,0,False,1,1,6.0,3.6,600.0,-240.0,-40.0,11.2,True,1-2,09:30,Friday,True,416.96,416.5348,above,0.102,bull,0.159,0.791,,20.2,0.171,PDH,0.214,-0.23,0.23
1035,2023-05-26 10:53:00,2023-05-26 11:42:08,SPXW,4155.0,P,2023-05-26,0,True,True,bear,1,0,False,1,1,1.25,0.75,125.0,-50.0,-40.0,49.13333333333333,True,1-2,10:30,Friday,True,419.545,417.9262,above,0.387,bull,0.296,0.942,0.329,83.0,0.171,PDH,0.835,-0.964,0.964
1036,2023-05-30 09:46:26,2023-05-30 10:05:50,SPY,420.0,P,2023-05-30,0,True,True,bear,3,0,False,1,1,0.6,0.7399999999999999,179.99999999999997,41.99999999999999,23.333333333333318,19.4,True,3-5,09:30,Tuesday,True,421.75,422.1528,below,-0.095,bull,0.135,0.145,,16.4,0.493,PDH,0.235,-0.415,0.415
1037,2023-05-30 09:49:27,2023-05-30 10:04:27,TSLA,212.5,C,2023-06-02,3,False,False,bull,2,0,False,1,1,2.95,1.42,590.0,-306.00000000000006,-51.864406779661024,15.0,True,1-2,09:30,Tuesday,False,,,,,,,,,,,,,,
1038,2023-05-30 10:57:42,2023-05-30 11:21:25,SPXW,4200.0,P,2023-05-30,0,True,True,bear,2,0,False,1,2,3.5,6.2,700.0,540.0,77.14285714285715,23.716666666666665,True,1-2,10:30,Tuesday,True,420.61,421.5278,below,-0.218,bear,-0.007,0.158,-0.109,87.7,0.493,PDH,-0.036,-0.145,0.145
1039,2023-05-31 09:36:15,2023-05-31 10:26:34,SPXW,4160.0,P,2023-05-31,0,True,True,bear,2,0,False,1,2,3.1,4.9,620.0,360.00000000000006,58.06451612903227,50.31666666666667,True,1-2,09:30,Wednesday,True,418.24,418.3933,below,-0.037,bear,-0.055,0.117,,6.2,-0.446,PDL,-0.124,-0.536,0.536
1040,2023-05-31 11:00:30,2023-05-31 11:06:19,SPXW,4160.0,P,2023-05-31,0,True,True,bear,1,0,False,1,1,3.9,5.0,390.0,110.00000000000001,28.205128205128215,5.816666666666666,True,1-2,11:00,Wednesday,True,416.83,417.4699,below,-0.153,bear,-0.188,0.165,-0.011,90.5,-0.446,PDL,-0.461,-0.199,0.199
1041,2023-05-31 14:12:39,2023-05-31 14:50:55,SPXW,4180.0,P,2023-05-31,0,True,True,bear,1,0,False,1,1,2.2,3.5,220.00000000000003,129.99999999999997,59.09090909090908,38.266666666666666,True,1-2,14:00,Wednesday,True,418.41,417.3273,above,0.259,bull,0.099,0.736,0.083,282.6,-0.446,PDL,-0.084,-0.098,0.098
1042,2023-06-01 10:02:02,2023-06-01 10:12:36,SPXW,4165.0,P,2023-06-01,0,True,True,bear,2,0,False,1,1,3.7,2.05,740.0,-330.00000000000006,-44.594594594594604,10.566666666666666,True,1-2,10:00,Thursday,True,417.19,417.3178,below,-0.031,bear,-0.078,0.238,,32.0,0.083,PDC,-0.16,-0.165,0.165
1043,2023-06-01 10:12:59,2023-06-01 10:47:23,SPXW,4200.0,C,2023-06-01,0,True,True,bull,5,1,True,2,4,3.17,5.96,1585.0,1395.0,88.01261829652998,34.4,True,3-5,10:00,Thursday,True,418.07,417.4384,above,0.151,bear,-0.035,0.865,0.109,43.0,0.083,PDC,0.05,0.462,0.462
1044,2023-06-02 09:54:26,2023-06-02 09:58:40,SPXW,4280.0,C,2023-06-02,0,True,True,bull,3,0,False,1,1,2.55,1.45,765.0,-330.0,-43.13725490196079,4.233333333333333,True,3-5,09:30,Friday,True,425.395,425.603,below,-0.049,bull,0.275,0.474,,24.4,0.661,PDH,0.585,0.612,0.612
1045,2023-06-02 10:10:59,2023-06-02 11:02:54,SPXW,4280.0,C,2023-06-02,0,True,True,bull,3,0,False,1,3,2.0,4.3999999999999995,600.0,719.9999999999999,119.99999999999997,51.916666666666664,True,3-5,10:00,Friday,True,424.81,425.2583,below,-0.105,bull,0.226,0.35,-0.242,41.0,0.661,PDH,0.447,0.751,0.751
1046,2023-06-02 10:16:29,2023-06-02 11:06:45,TSLA,217.5,C,2023-06-02,0,True,False,bull,2,0,False,1,2,0.61,0.895,122.0,57.00000000000001,46.721311475409834,50.266666666666666,True,1-2,10:00,Friday,False,,,,,,,,,,,,,,
1047,2023-06-02 12:47:27,2023-06-02 13:13:28,SPXW,4300.0,C,2023-06-02,0,True,True,bull,2,0,False,1,1,0.95,0.65,190.0,-59.999999999999986,-31.57894736842105,26.016666666666666,True,1-2,12:30,Friday,True,427.68,426.2815,above,0.328,bull,0.091,0.987,0.129,197.4,0.661,PDH,1.126,0.542,0.542
1048,2023-06-02 13:17:27,2023-06-02 13:31:04,SPXW,4290.0,C,2023-06-02,0,True,True,bull,2,0,False,1,2,2.85,3.475,570.0,125.0,21.92982456140351,13.616666666666667,True,1-2,13:00,Friday,True,427.8,426.4182,above,0.324,bull,0.091,0.91,0.028,227.4,0.661,PDH,1.154,0.281,0.281
1049,2023-06-02 14:18:31,2023-06-02 14:22:59,SPXW,4270.0,P,2023-06-02,0,True,True,bear,1,0,False,1,1,1.9,1.05,190.0,-84.99999999999999,-44.73684210526315,4.466666666666667,True,1-2,14:00,Friday,True,427.57,426.6586,above,0.214,bull,0.021,0.82,-0.084,288.5,0.661,PDH,1.099,-0.133,0.133
1050,2023-06-02 15:13:39,2023-06-02 15:29:42,SPXW,4295.0,C,2023-06-02,0,True,True,bull,2,0,False,1,1,1.05,0.35,210.0,-140.0,-66.66666666666667,16.05,True,1-2,15:00,Friday,True,428.35,426.8558,above,0.35,bull,0.047,0.92,0.029,343.6,0.661,PDH,1.284,0.268,0.268
1051,2023-06-02 15:32:06,2023-06-02 15:48:42,SPXW,4280.0,P,2023-06-02,0,True,True,bear,1,0,False,1,1,1.35,0.55,135.0,-80.0,-59.25925925925925,16.6,True,1-2,15:30,Friday,True,428.09,427.0146,above,0.252,bull,0.033,0.865,-0.053,362.1,0.661,PDH,1.222,-0.021,0.021
1052,2023-06-05 09:37:24,2023-06-05 09:43:07,SPXW,4305.0,C,2023-06-05,0,True,True,bull,2,0,False,1,2,3.6,4.0,720.0,79.99999999999999,11.111111111111116,5.716666666666667,True,1-2,09:30,Monday,True,428.43,428.7733,below,-0.08,bull,0.005,0.145,,7.4,0.13,PDH,-0.07,0.483,0.483
1053,2023-06-05 10:15:33,2023-06-05 10:52:31,SPXW,4270.0,P,2023-06-05,0,True,True,bear,3,1,True,2,1,4.266666666666667,1.47,1280.0,-839.0,-65.546875,36.96666666666667,True,3-5,10:00,Monday,True,427.9,428.4802,below,-0.135,bull,0.003,0.063,-0.161,45.5,0.13,PDC,0.039,-0.21,0.21
1054,2023-06-05 11:25:31,2023-06-05 11:28:13,SPXW,4280.0,P,2023-06-05,0,True,True,bear,2,0,False,1,1,3.4,2.7,680.0,-139.99999999999994,-20.58823529411764,2.7,True,1-2,11:00,Monday,True,428.67,428.4366,above,0.054,bull,0.034,0.504,-0.002,115.5,0.13,PDH,-0.014,-0.156,0.156
1055,2023-06-05 11:55:22,2023-06-05 12:03:47,SPXW,4305.0,C,2023-06-05,0,True,True,bull,3,0,False,1,1,2.1,1.3999999999999997,630.0000000000001,-210.00000000000014,-33.33333333333335,8.416666666666666,True,3-5,11:30,Monday,True,429.065,428.5352,above,0.124,bull,0.051,0.7,0.092,145.4,0.13,PDH,0.078,0.334,0.334
1056,2023-06-06 10:16:35,2023-06-06 10:37:28,SPXW,4285.0,C,2023-06-06,0,True,True,bull,2,0,False,1,1,3.5,4.1,700.0,119.99999999999993,17.142857142857125,20.883333333333333,True,1-2,10:00,Tuesday,True,427.23,426.6202,above,0.143,bear,-0.029,0.756,0.166,46.6,-0.101,PDC,0.03,0.297,0.297
1057,2023-06-06 11:04:03,2023-06-06 11:24:22,SPXW,4300.0,C,2023-06-06,0,True,True,bull,2,0,False,1,1,1.85,0.85,370.0,-200.0,-54.054054054054056,20.316666666666666,True,1-2,11:00,Tuesday,True,428.06,427.1323,above,0.217,bull,0.074,0.84,0.154,94.0,-0.101,PDC,0.225,0.453,0.453
1058,2023-06-06 12:29:52,2023-06-06 12:41:20,SPXW,4275.0,P,2023-06-06,0,True,True,bear,1,0,False,1,1,4.3,6.4,430.0,210.00000000000006,48.837209302325604,11.466666666666667,True,1-2,12:00,Tuesday,True,427.65,427.4028,above,0.058,bull,0.012,0.67,-0.105,179.9,-0.101,PDC,0.129,-0.035,0.035
1059,2023-06-06 12:51:11,2023-06-06 12:57:50,SPXW,4265.0,P,2023-06-06,0,True,True,bear,1,0,False,1,1,2.6,3.6,260.0,100.0,38.46153846153846,6.65,True,1-2,12:30,Tuesday,True,427.09,427.4017,below,-0.073,bear,-0.034,0.438,-0.15,201.2,-0.101,PDC,-0.002,-0.138,0.138
1060,2023-06-06 14:31:19,2023-06-06 15:08:04,SPXW,4285.0,C,2023-06-06,0,True,True,bull,1,0,False,1,1,1.25,1.75,125.0,50.0,39.99999999999999,36.75,True,1-2,14:30,Tuesday,True,427.4,427.3043,above,0.022,bear,-0.015,0.566,0.15,301.3,-0.101,PDC,0.07,0.257,0.257
1061,2023-06-07 09:36:43,2023-06-07 09:40:11,SPXW,4305.0,C,2023-06-07,0,True,True,bull,1,0,False,1,1,3.6,4.8,360.0,119.99999999999997,33.33333333333333,3.466666666666667,True,1-2,09:30,Wednesday,True,429.035,428.8117,above,0.052,bull,0.077,0.993,,6.7,0.1,PDH,0.111,0.341,0.341
1062,2023-06-07 10:19:15,2023-06-07 10:25:46,SPXW,4275.0,P,2023-06-07,0,True,True,bear,2,0,False,1,2,2.8,3.9,560.0,220.00000000000003,39.2857142857143,6.516666666666667,True,1-2,10:00,Wednesday,True,428.66,429.0192,below,-0.084,bull,0.079,0.242,-0.196,49.2,0.1,PDH,0.023,-0.271,0.271
1063,2023-06-07 10:34:27,2023-06-07 10:36:25,SPXW,4275.0,P,2023-06-07,0,True,True,bear,2,0,False,1,2,3.4,4.65,680.0,250.00000000000009,36.76470588235296,1.9666666666666666,True,1-2,10:30,Wednesday,True,428.375,428.8464,below,-0.11,bull,0.028,0.253,-0.204,64.5,0.1,PDH,-0.043,-0.204,0.204
1064,2023-06-07 13:47:40,2023-06-07 13:56:18,SPXW,4260.0,P,2023-06-07,0,True,True,bear,1,0,False,1,1,2.7,1.5,270.0,-120.00000000000001,-44.44444444444445,8.633333333333333,True,1-2,13:30,Wednesday,True,426.495,427.8654,below,-0.32,bear,-0.075,0.105,-0.029,257.7,0.1,PDL,0.108,-0.116,0.116
1065,2023-06-07 13:57:50,2023-06-07 14:33:53,SPXW,4280.0,C,2023-06-07,0,True,True,bull,3,0,False,1,1,1.45,0.65,434.99999999999994,-239.99999999999994,-55.172413793103445,36.05,True,3-5,13:30,Wednesday,True,426.455,427.8289,below,-0.321,bear,-0.067,0.094,0.006,267.8,0.1,PDL,0.099,0.362,0.362
1066,2023-06-08 09:55:48,2023-06-08 10:06:22,SPXW,4250.0,P,2023-06-08,0,True,True,bear,3,0,False,1,1,3.6,1.5,1080.0,-630.0000000000001,-58.333333333333336,10.566666666666666,True,3-5,09:30,Thursday,True,426.07,426.5909,below,-0.122,bear,-0.038,0.103,,25.8,-0.001,PDL,-0.014,-0.251,0.251
1067,2023-06-08 10:16:22,2023-06-08 10:39:20,SPXW,4300.0,C,2023-06-08,0,True,True,bull,5,0,False,1,1,0.8,0.5,400.0,-150.0,-37.5,22.966666666666665,True,3-5,10:00,Thursday,True,426.97,426.6228,above,0.081,bull,0.001,0.782,0.077,46.4,-0.001,PDC,0.094,0.71,0.71
1068,2023-06-08 10:46:06,2023-06-08 11:17:44,SPXW,4290.0,C,2023-06-08,0,True,True,bull,5,0,False,1,3,2.4,3.04,1200.0,319.99999999999994,26.666666666666682,31.633333333333333,True,3-5,10:30,Thursday,True,427.53,426.8801,above,0.152,bull,0.056,0.933,0.131,76.1,-0.001,PDC,0.225,0.344,0.344
1069,2023-06-08 12:13:45,2023-06-08 12:23:05,SPY,429.0,C,2023-06-08,0,True,True,bull,3,0,False,1,1,0.25,0.36000000000000004,75.0,33.00000000000001,44.000000000000014,9.333333333333334,True,3-5,12:00,Thursday,True,427.97,427.4134,above,0.13,bull,0.051,0.851,-0.049,163.8,-0.001,PDC,0.328,0.241,0.241
1070,2023-06-09 09:45:32,2023-06-09 09:56:36,SPXW,4325.0,C,2023-06-09,0,True,True,bull,2,0,False,1,2,3.1,3.7,620.0,120.00000000000001,19.354838709677423,11.066666666666666,True,1-2,09:30,Friday,True,430.68,430.4605,above,0.051,bull,0.123,0.697,,15.5,0.212,PDH,0.258,0.423,0.423
1071,2023-06-09 10:12:42,2023-06-09 10:21:01,SPXW,4330.0,C,2023-06-09,0,True,True,bull,2,0,False,1,2,2.9,3.5,580.0,120.00000000000001,20.68965517241379,8.316666666666666,True,1-2,10:00,Friday,True,431.23,430.8166,above,0.096,bull,0.179,0.747,0.158,42.7,0.212,PDH,0.386,0.41,0.41
1072,2023-06-09 10:46:43,2023-06-09 10:50:21,SPXW,4325.0,C,2023-06-09,0,True,True,bull,1,0,False,1,1,3.1,2.3,310.0,-80.00000000000003,-25.806451612903235,3.6333333333333333,True,1-2,10:30,Friday,True,431.16,431.1441,above,0.004,bull,0.143,0.585,-0.102,76.7,0.212,PDH,0.37,0.311,0.311
1073,2023-06-09 10:58:32,2023-06-09 11:07:50,SPXW,4300.0,P,2023-06-09,0,True,True,bear,2,0,False,1,1,2.85,1.9,570.0,-190.00000000000003,-33.333333333333336,9.3,True,1-2,10:30,Friday,True,430.9,431.1305,below,-0.053,bull,0.096,0.455,-0.162,88.5,0.212,PDH,0.31,-0.209,0.209
1074,2023-06-09 11:09:05,2023-06-09 11:20:25,SPXW,4325.0,C,2023-06-09,0,True,True,bull,2,0,False,1,1,3.8,2.35,760.0,-289.99999999999994,-38.1578947368421,11.333333333333334,True,1-2,11:00,Friday,True,431.04,431.1293,below,-0.021,bull,0.073,0.525,-0.123,99.1,0.212,PDH,0.342,0.339,0.339
1075,2023-06-12 10:42:20,2023-06-12 11:32:26,SPXW,4290.0,P,2023-06-12,0,True,True,bear,2,0,False,1,1,2.1,0.7,420.0,-280.0,-66.66666666666667,50.1,True,1-2,10:30,Monday,True,430.315,430.6516,below,-0.078,bull,0.015,0.158,-0.05,72.3,0.217,PDC,0.076,-0.306,0.306
1076,2023-06-12 11:35:08,2023-06-12 12:41:28,SPXW,4315.0,C,2023-06-12,0,True,True,bull,1,0,False,1,1,4.4,5.2,440.00000000000006,79.99999999999999,18.181818181818166,66.33333333333333,True,1-2,11:30,Monday,True,430.92,430.6193,above,0.07,bull,0.021,0.815,0.118,125.1,0.217,PDC,0.216,0.135,0.135
1077,2023-06-13 11:13:03,2023-06-13 11:23:29,SPXW,4350.0,P,2023-06-13,0,True,True,bear,3,0,False,1,1,2.0,1.2,600.0,-240.00000000000003,-40.0,10.433333333333334,True,3-5,11:00,Tuesday,True,436.14,435.8712,above,0.062,bull,0.117,0.593,0.01,103.0,0.367,PDH,0.527,-0.261,0.261
1078,2023-06-13 11:36:03,2023-06-13 11:54:25,SPXW,4355.0,P,2023-06-13,0,True,True,bear,3,0,False,1,1,3.2000000000000006,2.0,960.0000000000001,-360.0000000000001,-37.500000000000014,18.366666666666667,True,3-5,11:30,Tuesday,True,436.44,436.0967,above,0.079,bull,0.126,0.682,0.122,126.0,0.367,PDH,0.596,-0.215,0.215
1079,2023-06-13 11:59:38,2023-06-13 12:27:57,SPXW,4355.0,P,2023-06-13,0,True,True,bear,5,0,False,1,1,3.6,1.6,1800.0,-1000.0,-55.55555555555556,28.316666666666666,True,3-5,11:30,Tuesday,True,436.675,436.1275,above,0.126,bull,0.087,0.773,-0.035,149.6,0.367,PDH,0.65,-0.269,0.269
1080,2023-06-14 10:31:54,2023-06-14 11:33:18,SPY,440.0,C,2023-06-14,0,True,True,bull,10,0,False,1,2,0.77,0.944,770.0,173.99999999999994,22.597402597402592,61.4,True,6-10,10:30,Wednesday,True,437.72,437.4633,above,0.059,bull,0.101,0.721,0.05,61.9,0.098,PDH,0.091,0.521,0.521
1081,2023-06-15 09:42:13,2023-06-15 09:45:17,SPXW,4390.0,C,2023-06-15,0,True,True,bull,1,0,False,1,1,4.0,5.0,400.0,100.0,25.0,3.066666666666667,True,1-2,09:30,Thursday,True,437.035,436.6114,above,0.097,bull,0.021,0.858,,12.2,-0.174,PDC,-0.024,0.45,0.45
1082,2023-06-15 09:51:20,2023-06-15 09:53:04,SPXW,4400.0,C,2023-06-15,0,True,True,bull,2,0,False,1,2,3.1,3.9,620.0,159.99999999999997,25.806451612903224,1.7333333333333334,True,1-2,09:30,Thursday,True,438.07,437.4024,above,0.153,bull,0.079,0.913,,21.3,-0.174,PDC,0.213,0.441,0.441
1083,2023-06-15 10:07:59,2023-06-16 09:41:16,TSLA,265.0,C,2023-06-16,1,False,False,bull,1,0,False,1,1,2.26,0.81,225.99999999999997,-144.99999999999997,-64.15929203539822,1413.2833333333333,True,1-2,10:00,Thursday,False,,,,,,,,,,,,,,
1084,2023-06-16 10:01:12,2023-06-16 10:47:04,SPXW,4460.0,C,2023-06-16,0,True,True,bull,5,1,True,2,1,2.6700000000000004,0.95,1335.0000000000002,-860.0000000000001,-64.41947565543072,45.86666666666667,True,3-5,10:00,Friday,True,441.26,441.9965,below,-0.167,bear,-0.094,0.183,,31.2,0.117,PDC,-0.301,1.074,1.074
1085,2023-06-20 09:51:26,2023-06-20 10:22:32,SPXW,4415.0,C,2023-06-20,0,True,True,bull,2,0,False,1,1,2.15,0.35,430.0,-359.99999999999994,-83.72093023255815,31.1,True,1-2,09:30,Tuesday,True,438.015,437.8109,above,0.047,bear,-0.189,0.858,,21.4,-0.421,PDL,-0.22,0.796,0.796
1086,2023-06-21 11:16:18,2023-06-21 11:44:07,SPXW,4385.0,C,2023-06-21,0,True,True,bull,1,0,False,1,1,1.6,2.95,160.0,135.0,84.375,27.816666666666666,True,1-2,11:00,Wednesday,True,434.64,435.239,below,-0.138,bear,-0.107,0.148,-0.068,106.3,-0.238,PDL,-0.09,0.888,0.888
1087,2023-06-22 10:19:31,2023-06-22 12:57:53,SPXW,4395.0,C,2023-06-22,0,True,True,bull,2,0,False,1,1,1.55,0.2,310.0,-270.0,-87.09677419354838,158.36666666666667,True,1-2,10:00,Thursday,True,435.71,434.4501,above,0.29,bear,-0.045,0.998,0.329,49.5,-0.198,PDC,0.198,0.87,0.87
1088,2023-06-23 10:23:43,2023-06-23 14:41:27,SPY,436.0,C,2023-06-23,0,True,True,bull,3,0,False,1,1,0.15,0.02,44.99999999999999,-38.99999999999999,-86.66666666666667,257.73333333333335,True,3-5,10:00,Friday,True,433.935,433.2941,above,0.148,bear,-0.149,0.98,0.244,53.7,-0.827,PDL,0.068,0.476,0.476
1089,2023-07-10 10:22:45,2023-07-10 16:00:00,SPY,442.0,C,2023-07-10,0,True,True,bull,1,0,False,1,0,0.1,0.0,10.0,-10.0,-100.0,337.25,True,1-2,10:00,Monday,True,439.55,439.1824,above,0.084,bear,-0.069,0.844,0.087,52.8,-0.075,PDC,0.235,0.557,0.557
1090,2023-07-24 11:07:25,2023-07-24 16:00:00,SPXW,4600.0,C,2023-07-24,0,True,True,bull,1,0,False,1,0,0.05,0.0,5.0,-5.0,-100.0,292.5833333333333,True,1-2,11:00,Monday,True,454.04,453.7618,above,0.061,bull,0.06,0.782,0.029,97.4,0.261,PDH,-0.022,1.313,1.313
1091,2023-09-15 10:14:36,2023-09-15 10:59:46,SPXW,4450.0,P,2023-09-15,0,True,True,bear,3,1,True,2,2,1.2,2.5,360.0,390.0,108.33333333333334,45.166666666666664,True,3-5,10:00,Friday,True,446.305,446.6456,below,-0.076,bear,-0.3,0.215,-0.142,44.6,-0.7,PDL,-0.316,-0.292,0.292
1092,2023-09-15 15:04:23,2023-09-15 15:36:14,SPXW,4465.0,C,2023-09-15,0,True,True,bull,1,0,False,1,1,0.4,0.1,40.0,-30.000000000000004,-75.0,31.85,True,1-2,15:00,Friday,True,443.9,444.8904,below,-0.223,bear,-0.036,0.2,0.138,334.4,-0.7,PDL,-0.853,0.586,0.586
1093,2023-09-18 11:23:00,2023-09-18 11:31:32,SPXW,4465.0,C,2023-09-18,0,True,True,bull,2,0,False,1,2,2.1,3.1500000000000004,420.0,210.00000000000006,50.0,8.533333333333333,True,1-2,11:00,Monday,True,443.755,443.3743,above,0.086,bull,0.019,0.919,0.055,113.0,-0.06,PDC,0.102,0.619,0.619
1094,2023-09-20 09:47:27,2023-09-20 10:14:31,SPXW,4480.0,C,2023-09-20,0,True,True,bull,2,0,False,1,1,4.9,3.3,980.0000000000001,-320.0000000000001,-32.65306122448981,27.066666666666666,True,1-2,09:30,Wednesday,True,444.04,443.8966,above,0.032,bull,0.126,0.906,,17.4,0.307,PDH,0.185,0.892,0.892
1095,2023-09-21 10:41:52,2023-09-21 10:51:19,SPXW,4400.0,C,2023-09-21,0,True,True,bull,6,0,False,1,1,0.9,0.3499999999999999,540.0,-330.00000000000006,-61.111111111111114,9.45,True,6-10,10:30,Thursday,True,435.325,434.8564,above,0.108,bear,-0.31,0.681,0.121,71.9,-0.641,PDL,-0.708,1.074,1.074
1096,2023-09-22 11:40:59,2023-09-22 12:00:01,SPXW,4370.0,C,2023-09-22,0,True,True,bull,2,0,False,1,1,1.9,0.75,380.0,-229.99999999999997,-60.526315789473685,19.033333333333335,True,1-2,11:30,Friday,True,434.06,432.8033,above,0.29,bull,0.081,1.0,0.21,131.0,0.274,PDH,-0.431,0.677,0.677
1097,2023-09-25 11:49:40,2023-09-25 12:45:50,SPXW,4350.0,C,2023-09-25,0,True,True,bull,1,0,False,1,1,1.5,0.9,150.0,-60.0,-40.0,56.166666666666664,True,1-2,11:30,Monday,True,431.555,430.0676,above,0.346,bull,0.083,0.954,0.264,139.7,-0.267,PDC,0.296,0.798,0.798
1098,2023-10-03 12:36:56,2023-10-03 16:00:00,SPXW,4200.0,P,2023-10-03,0,True,True,bear,1,0,False,1,0,0.9,0.0,90.0,-90.0,-100.0,203.06666666666666,True,1-2,12:30,Tuesday,True,422.22,422.7639,below,-0.129,bear,-0.017,0.248,0.083,186.9,-0.505,PDL,-0.535,-0.526,0.526
