{
  "n_gated": 222,
  "total_pc": 1549.0,
  "top5_days": [
    193.0,
    157.8,
    148.8,
    146.0,
    144.5
  ],
  "top5_pct": 51.0,
  "monthly": {
    "2025-01": 133.1945454545456,
    "2025-02": -37.066666666666485,
    "2025-03": -36.9999999999999,
    "2025-04": 144.28,
    "2025-05": 26.040000000000063,
    "2025-06": -155.3999999999999,
    "2025-07": 163.84666666666678,
    "2025-08": 47.089090909091055,
    "2025-09": 50.700000000000074,
    "2025-10": 107.39818181818198,
    "2025-11": 334.7612121212122,
    "2025-12": 96.44303030303044,
    "2026-01": 382.54590909090916,
    "2026-02": 210.68000000000015,
    "2026-03": -109.37999999999991,
    "2026-04": -133.1727272727271,
    "2026-05": 324.45636363636396
  },
  "positive_months": 12,
  "total_months": 17,
  "verdict": "MODERATE (50-80%)"
}