{
  "wf_ratio": 3.736,
  "wf_pass": true,
  "anc_pass": true,
  "conc_pass": true,
  "verdict": "RATIFICATION_READY",
  "is": {
    "label": "IS gated",
    "n": 35,
    "wr": 0.314,
    "pc": 253.0,
    "pc_per_trade": 7.2,
    "monthly": {
      "2025-01": 56.334545454545534,
      "2025-02": -6.926666666666616,
      "2025-03": -34.479999999999976,
      "2025-04": 82.83999999999999,
      "2025-05": -22.879999999999967,
      "2025-06": -67.91999999999993,
      "2025-07": 69.44000000000004,
      "2025-08": 107.88909090909095,
      "2025-09": 68.88000000000005
    },
    "top5_pct": 209.2,
    "max_drawdown": -131.5,
    "positive_months": 5,
    "total_months": 9
  },
  "oos": {
    "label": "OOS gated",
    "n": 51,
    "wr": 0.471,
    "pc": 1373.0,
    "pc_per_trade": 26.9,
    "monthly": {
      "2025-10": 46.520000000000024,
      "2025-11": 329.5345454545454,
      "2025-12": 198.68303030303036,
      "2026-01": 278.9709090909091,
      "2026-02": 248.76,
      "2026-03": 28.373333333333335,
      "2026-04": 7.147272727272778,
      "2026-05": 234.8963636363638
    },
    "top5_pct": 56.0,
    "max_drawdown": -98.6,
    "positive_months": 8,
    "total_months": 8
  },
  "anchor_cap504": 53.6,
  "anchor_total": 33.8
}