tick_id,fire_at,decision,claimed_spy,claimed_bar_label,last_closed_bar_open,last_closed_close,in_progress_bar_open,in_progress_close_so_far,in_progress_high,in_progress_low,divergence_vs_closed,divergence_dollars,ribbon_cents,bear_score,bull_score,classification,notes
120,15:30:01,HOLD,739.42,15:30,15:25,739.2000122070312,15:30,739.469970703125,740.1799926757812,739.1199951171875,0.22,0.22,129,0,0,MISALIGNED-BENIGN,"spy=739.42 ribbon=129c(BULL) vix=19.16(rising) bear=0/10 bull=0/11 | entry_cutoff_15:00_passed, awaiting_close"
121,15:33:00,HOLD_DEV,739.42,15:33,15:25,739.2000122070312,15:30,739.469970703125,740.1799926757812,739.1199951171875,0.22,0.22,129,0,0,MISALIGNED-BENIGN,"spy=739.42 ribbon=129c(BULL) vix=19.16(rising) bear=0/10 bull=0/11 htf=null | entry window closed 15:00 ET, monitoring into 16:00 close"
121,15:33:39,HOLD,739.42,15:33,15:25,739.2000122070312,15:30,739.469970703125,740.1799926757812,739.1199951171875,0.22,0.22,129,0,0,MISALIGNED-BENIGN,spy=739.42 ribbon=129c(BULL) vix=19.16(rising) bear=0/10 bull=0/11 htf=null | entry_cutoff_15:00_ET_passed
123,15:39:00,HOLD,739.42,15:39,15:30,739.469970703125,15:35,739.4099731445312,739.9000244140625,739.0700073242188,-0.05,-0.05,129,0,0,ALIGNED,spy=739.42 ribbon=129c(BULL) vix=19.16(rising) bear=0/10 bull=0/11 htf=null | entry_cutoff_passed_15:00_time_gate_active
126,15:48:00,(no_decision),,,15:40,739.3499755859375,15:45,739.2999877929688,739.9000244140625,739.135009765625,,,,,,NO_DATA,
126,15:48:39,HOLD,739.42,15:48,15:40,739.3499755859375,15:45,739.2999877929688,739.9000244140625,739.135009765625,0.07,0.07,129,0,0,MISALIGNED-BENIGN,"spy=739.42 ribbon=129c(BULL) vix=19.16(rising) bear=0/10 bull=0/11 | EOD: both accounts flat, entry cutoff 15:00 ET passed"
